year,exp,type,thr_avg
2015,ssp126,Narrowbody,0.855646219847976
2015,ssp126,Widebody,0.899059424882752
2015,ssp245,Narrowbody,0.855470633651357
2015,ssp245,Widebody,0.898967060757705
2015,ssp370,Narrowbody,0.855607324035182
2015,ssp370,Widebody,0.899119405918862
2015,ssp585,Narrowbody,0.85564581474367
2015,ssp585,Widebody,0.899153633949488
2016,ssp126,Narrowbody,0.855674130130792
2016,ssp126,Widebody,0.899106469901468
2016,ssp245,Narrowbody,0.85549866210042
2016,ssp245,Widebody,0.898917328794958
2016,ssp370,Narrowbody,0.85571540277342
2016,ssp370,Widebody,0.899159153769947
2016,ssp585,Narrowbody,0.85573432655559
2016,ssp585,Widebody,0.899355791340503
2017,ssp126,Narrowbody,0.855812185377611
2017,ssp126,Widebody,0.899449211643957
2017,ssp245,Narrowbody,0.855657435479739
2017,ssp245,Widebody,0.899247297131856
2017,ssp370,Narrowbody,0.856243233728867
2017,ssp370,Widebody,0.900202758853119
2017,ssp585,Narrowbody,0.855726240072214
2017,ssp585,Widebody,0.899497449157606
2018,ssp126,Narrowbody,0.855806332557921
2018,ssp126,Widebody,0.899657116498768
2018,ssp245,Narrowbody,0.855994206713676
2018,ssp245,Widebody,0.899742765832804
2018,ssp370,Narrowbody,0.856134150075483
2018,ssp370,Widebody,0.89999875091703
2018,ssp585,Narrowbody,0.856008891021801
2018,ssp585,Widebody,0.899714571558947
2019,ssp126,Narrowbody,0.855788944610051
2019,ssp126,Widebody,0.899478128975273
2019,ssp245,Narrowbody,0.85613715572096
2019,ssp245,Widebody,0.899977976925427
2019,ssp370,Narrowbody,0.855903882564837
2019,ssp370,Widebody,0.899465295705048
2019,ssp585,Narrowbody,0.855811651479707
2019,ssp585,Widebody,0.899447370776379
2020,ssp126,Narrowbody,0.855727882999249
2020,ssp126,Widebody,0.899373093722528
2020,ssp245,Narrowbody,0.855661783733203
2020,ssp245,Widebody,0.899215338985029
2020,ssp370,Narrowbody,0.855702153941486
2020,ssp370,Widebody,0.89923869149312
2020,ssp585,Narrowbody,0.855792218085488
2020,ssp585,Widebody,0.89943001410155
2021,ssp126,Narrowbody,0.855605458364549
2021,ssp126,Widebody,0.899333633006877
2021,ssp245,Narrowbody,0.85595271240286
2021,ssp245,Widebody,0.899856463294927
2021,ssp370,Narrowbody,0.855666385600059
2021,ssp370,Widebody,0.899161618523251
2021,ssp585,Narrowbody,0.855979138818752
2021,ssp585,Widebody,0.899650191764307
2022,ssp126,Narrowbody,0.855564177362495
2022,ssp126,Widebody,0.89902919556578
2022,ssp245,Narrowbody,0.856018487638318
2022,ssp245,Widebody,0.899747115791128
2022,ssp370,Narrowbody,0.855787320877734
2022,ssp370,Widebody,0.899298700753689
2022,ssp585,Narrowbody,0.856029364381137
2022,ssp585,Widebody,0.899864876460507
2023,ssp126,Narrowbody,0.856208276392398
2023,ssp126,Widebody,0.900127689595492
2023,ssp245,Narrowbody,0.855639775015149
2023,ssp245,Widebody,0.899176366788409
2023,ssp370,Narrowbody,0.855555865617116
2023,ssp370,Widebody,0.898950406264147
2023,ssp585,Narrowbody,0.855737247258386
2023,ssp585,Widebody,0.899357499213214
2024,ssp126,Narrowbody,0.856174735494162
2024,ssp126,Widebody,0.900069343990016
2024,ssp245,Narrowbody,0.856008151606782
2024,ssp245,Widebody,0.899598939259082
2024,ssp370,Narrowbody,0.855688725500398
2024,ssp370,Widebody,0.899209652303546
2024,ssp585,Narrowbody,0.855747442645924
2024,ssp585,Widebody,0.899377304496411
2025,ssp126,Narrowbody,0.855873049578652
2025,ssp126,Widebody,0.899443742761671
2025,ssp245,Narrowbody,0.855806230782806
2025,ssp245,Widebody,0.899303231463262
2025,ssp370,Narrowbody,0.855877812327893
2025,ssp370,Widebody,0.899527202240683
2025,ssp585,Narrowbody,0.855730098825948
2025,ssp585,Widebody,0.899191205190088
2026,ssp126,Narrowbody,0.855761930094755
2026,ssp126,Widebody,0.899288511665163
2026,ssp245,Narrowbody,0.855681001398154
2026,ssp245,Widebody,0.899139248713761
2026,ssp370,Narrowbody,0.855764606327314
2026,ssp370,Widebody,0.899288170975184
2026,ssp585,Narrowbody,0.855743217751175
2026,ssp585,Widebody,0.899329270873087
2027,ssp126,Narrowbody,0.856006152573957
2027,ssp126,Widebody,0.89993825473594
2027,ssp245,Narrowbody,0.855637140399112
2027,ssp245,Widebody,0.899027534903066
2027,ssp370,Narrowbody,0.855899042787857
2027,ssp370,Widebody,0.899498316007257
2027,ssp585,Narrowbody,0.855667459735808
2027,ssp585,Widebody,0.899188022023016
2028,ssp126,Narrowbody,0.856028948712018
2028,ssp126,Widebody,0.899740762114302
2028,ssp245,Narrowbody,0.855773940218763
2028,ssp245,Widebody,0.899330408286244
2028,ssp370,Narrowbody,0.855735271450363
2028,ssp370,Widebody,0.899346409910654
2028,ssp585,Narrowbody,0.855787831283299
2028,ssp585,Widebody,0.89951667891886
2029,ssp126,Narrowbody,0.855831954874152
2029,ssp126,Widebody,0.899526917222146
2029,ssp245,Narrowbody,0.856168793911615
2029,ssp245,Widebody,0.900022505082524
2029,ssp370,Narrowbody,0.855897905991305
2029,ssp370,Widebody,0.899588773668222
2029,ssp585,Narrowbody,0.855879456134753
2029,ssp585,Widebody,0.899652899082804
2030,ssp126,Narrowbody,0.855622694969396
2030,ssp126,Widebody,0.899014336967486
2030,ssp245,Narrowbody,0.856011073971465
2030,ssp245,Widebody,0.899850618797166
2030,ssp370,Narrowbody,0.855940727717735
2030,ssp370,Widebody,0.899653170586308
2030,ssp585,Narrowbody,0.856233249703355
2030,ssp585,Widebody,0.900214398628726
2031,ssp126,Narrowbody,0.855775506371731
2031,ssp126,Widebody,0.899429430911134
2031,ssp245,Narrowbody,0.855935367993176
2031,ssp245,Widebody,0.899667999660795
2031,ssp370,Narrowbody,0.855864575050939
2031,ssp370,Widebody,0.899420609468338
2031,ssp585,Narrowbody,0.855770336560648
2031,ssp585,Widebody,0.899096409302877
2032,ssp126,Narrowbody,0.855965360728084
2032,ssp126,Widebody,0.899737115394587
2032,ssp245,Narrowbody,0.855928339263705
2032,ssp245,Widebody,0.899506170864365
2032,ssp370,Narrowbody,0.85578460781306
2032,ssp370,Widebody,0.89948642683871
2032,ssp585,Narrowbody,0.855845444455112
2032,ssp585,Widebody,0.899547335307065
2033,ssp126,Narrowbody,0.855871217709624
2033,ssp126,Widebody,0.899601270249217
2033,ssp245,Narrowbody,0.856166994679622
2033,ssp245,Widebody,0.900084917495522
2033,ssp370,Narrowbody,0.856393678862942
2033,ssp370,Widebody,0.900550296893731
2033,ssp585,Narrowbody,0.855939690368531
2033,ssp585,Widebody,0.899664921528544
2034,ssp126,Narrowbody,0.855818048636369
2034,ssp126,Widebody,0.899556425564891
2034,ssp245,Narrowbody,0.856221313267667
2034,ssp245,Widebody,0.900155874651278
2034,ssp370,Narrowbody,0.855984738205671
2034,ssp370,Widebody,0.899743996499191
2034,ssp585,Narrowbody,0.856134530837957
2034,ssp585,Widebody,0.899998273518096
2035,ssp126,Narrowbody,0.855913390915797
2035,ssp126,Widebody,0.899567793873882
2035,ssp245,Narrowbody,0.855936824543153
2035,ssp245,Widebody,0.899731886271552
2035,ssp370,Narrowbody,0.856115336671957
2035,ssp370,Widebody,0.899838336936751
2035,ssp585,Narrowbody,0.856238893891836
2035,ssp585,Widebody,0.899913408013905
2036,ssp126,Narrowbody,0.855834935907722
2036,ssp126,Widebody,0.899427005067973
2036,ssp245,Narrowbody,0.855786724861787
2036,ssp245,Widebody,0.899433909245042
2036,ssp370,Narrowbody,0.855864582336178
2036,ssp370,Widebody,0.89969094080835
2036,ssp585,Narrowbody,0.855881748348472
2036,ssp585,Widebody,0.899445797805828
2037,ssp126,Narrowbody,0.855677416216881
2037,ssp126,Widebody,0.899141937398369
2037,ssp245,Narrowbody,0.856035770696875
2037,ssp245,Widebody,0.89988883197024
2037,ssp370,Narrowbody,0.856012255042278
2037,ssp370,Widebody,0.899911293331073
2037,ssp585,Narrowbody,0.855915485696273
2037,ssp585,Widebody,0.899692894544543
2038,ssp126,Narrowbody,0.856231150644051
2038,ssp126,Widebody,0.90007648845625
2038,ssp245,Narrowbody,0.855917537077267
2038,ssp245,Widebody,0.899698170130063
2038,ssp370,Narrowbody,0.855972379794983
2038,ssp370,Widebody,0.899750628110513
2038,ssp585,Narrowbody,0.856228974193909
2038,ssp585,Widebody,0.900018566913523
2039,ssp126,Narrowbody,0.856049213076708
2039,ssp126,Widebody,0.899865609769327
2039,ssp245,Narrowbody,0.856009561458065
2039,ssp245,Widebody,0.899544480791616
2039,ssp370,Narrowbody,0.856120717317722
2039,ssp370,Widebody,0.899877169486844
2039,ssp585,Narrowbody,0.855795444566646
2039,ssp585,Widebody,0.899308930323507
2040,ssp126,Narrowbody,0.856116194418712
2040,ssp126,Widebody,0.899792227672225
2040,ssp245,Narrowbody,0.855926477472408
2040,ssp245,Widebody,0.899507673369849
2040,ssp370,Narrowbody,0.856305477871352
2040,ssp370,Widebody,0.900148131781551
2040,ssp585,Narrowbody,0.855944772140421
2040,ssp585,Widebody,0.899788494325998
2041,ssp126,Narrowbody,0.856059378512577
2041,ssp126,Widebody,0.899843678384687
2041,ssp245,Narrowbody,0.855848409902565
2041,ssp245,Widebody,0.899406017389594
2041,ssp370,Narrowbody,0.855918649270942
2041,ssp370,Widebody,0.899755461469483
2041,ssp585,Narrowbody,0.856293321554526
2041,ssp585,Widebody,0.900194894154776
2042,ssp126,Narrowbody,0.855822242545595
2042,ssp126,Widebody,0.899475876141506
2042,ssp245,Narrowbody,0.855873679735589
2042,ssp245,Widebody,0.899477864639517
2042,ssp370,Narrowbody,0.856198422054922
2042,ssp370,Widebody,0.900061077907327
2042,ssp585,Narrowbody,0.856259254598178
2042,ssp585,Widebody,0.900261222629579
2043,ssp126,Narrowbody,0.855951407327746
2043,ssp126,Widebody,0.899782966461433
2043,ssp245,Narrowbody,0.855788525218046
2043,ssp245,Widebody,0.899243503746657
2043,ssp370,Narrowbody,0.85610048154039
2043,ssp370,Widebody,0.900024340995799
2043,ssp585,Narrowbody,0.85613270029102
2043,ssp585,Widebody,0.900006564836851
2044,ssp126,Narrowbody,0.855954824693539
2044,ssp126,Widebody,0.899657423228398
2044,ssp245,Narrowbody,0.855859159012359
2044,ssp245,Widebody,0.899603182590016
2044,ssp370,Narrowbody,0.856013210681357
2044,ssp370,Widebody,0.899846658152137
2044,ssp585,Narrowbody,0.856197326963146
2044,ssp585,Widebody,0.900065576351632
2045,ssp126,Narrowbody,0.85610275878384
2045,ssp126,Widebody,0.899865358100628
2045,ssp245,Narrowbody,0.855956975772462
2045,ssp245,Widebody,0.899695947695236
2045,ssp370,Narrowbody,0.855832493122933
2045,ssp370,Widebody,0.899451106530791
2045,ssp585,Narrowbody,0.856054221094899
2045,ssp585,Widebody,0.899740556833332
2046,ssp126,Narrowbody,0.856403704496909
2046,ssp126,Widebody,0.900371362169208
2046,ssp245,Narrowbody,0.856198102161332
2046,ssp245,Widebody,0.89997671363195
2046,ssp370,Narrowbody,0.856269985893285
2046,ssp370,Widebody,0.900082833305167
2046,ssp585,Narrowbody,0.855701616151994
2046,ssp585,Widebody,0.899093080488717
2047,ssp126,Narrowbody,0.856007096738459
2047,ssp126,Widebody,0.900027945354507
2047,ssp245,Narrowbody,0.856305785085958
2047,ssp245,Widebody,0.900416153248511
2047,ssp370,Narrowbody,0.856163204208175
2047,ssp370,Widebody,0.899948021046459
2047,ssp585,Narrowbody,0.856170698358163
2047,ssp585,Widebody,0.900031994236056
2048,ssp126,Narrowbody,0.855718467220346
2048,ssp126,Widebody,0.899142137052107
2048,ssp245,Narrowbody,0.856015952960475
2048,ssp245,Widebody,0.899738980499608
2048,ssp370,Narrowbody,0.855798558018823
2048,ssp370,Widebody,0.899409440728836
2048,ssp585,Narrowbody,0.856390239795655
2048,ssp585,Widebody,0.900348847893027
2049,ssp126,Narrowbody,0.855962492459191
2049,ssp126,Widebody,0.899647016770859
2049,ssp245,Narrowbody,0.855980794825052
2049,ssp245,Widebody,0.899759746169019
2049,ssp370,Narrowbody,0.856119578195129
2049,ssp370,Widebody,0.899867235859974
2049,ssp585,Narrowbody,0.856705246144959
2049,ssp585,Widebody,0.900757624996801
2050,ssp126,Narrowbody,0.855936647224103
2050,ssp126,Widebody,0.899707118299046
2050,ssp245,Narrowbody,0.856048829550709
2050,ssp245,Widebody,0.899876441306271
2050,ssp370,Narrowbody,0.856591436777718
2050,ssp370,Widebody,0.900706790437417
2050,ssp585,Narrowbody,0.856193104192879
2050,ssp585,Widebody,0.899983471405141
2051,ssp126,Narrowbody,0.855991359953172
2051,ssp126,Widebody,0.899862142575251
2051,ssp245,Narrowbody,0.856120973934232
2051,ssp245,Widebody,0.899891033471263
2051,ssp370,Narrowbody,0.856590470131545
2051,ssp370,Widebody,0.900640278728685
2051,ssp585,Narrowbody,0.856268836872258
2051,ssp585,Widebody,0.900037196004799
2052,ssp126,Narrowbody,0.855988529507655
2052,ssp126,Widebody,0.899548982490631
2052,ssp245,Narrowbody,0.85613643266404
2052,ssp245,Widebody,0.899907225620071
2052,ssp370,Narrowbody,0.856337546632576
2052,ssp370,Widebody,0.900187318901851
2052,ssp585,Narrowbody,0.856229177246885
2052,ssp585,Widebody,0.90012967807779
2053,ssp126,Narrowbody,0.856076951528395
2053,ssp126,Widebody,0.899729699139211
2053,ssp245,Narrowbody,0.856270480063025
2053,ssp245,Widebody,0.900063049729103
2053,ssp370,Narrowbody,0.856445532229104
2053,ssp370,Widebody,0.90047645545188
2053,ssp585,Narrowbody,0.856370612453492
2053,ssp585,Widebody,0.900368279837175
2054,ssp126,Narrowbody,0.856122574840027
2054,ssp126,Widebody,0.900088945690235
2054,ssp245,Narrowbody,0.856135444773979
2054,ssp245,Widebody,0.89984143982902
2054,ssp370,Narrowbody,0.856203715888693
2054,ssp370,Widebody,0.899944264538221
2054,ssp585,Narrowbody,0.856335028678419
2054,ssp585,Widebody,0.90023579498003
2055,ssp126,Narrowbody,0.856062882848141
2055,ssp126,Widebody,0.899747542830316
2055,ssp245,Narrowbody,0.855932959104825
2055,ssp245,Widebody,0.899556667977993
2055,ssp370,Narrowbody,0.856402093036343
2055,ssp370,Widebody,0.900395596104613
2055,ssp585,Narrowbody,0.856268204122079
2055,ssp585,Widebody,0.900158403914397
2056,ssp126,Narrowbody,0.855886778132702
2056,ssp126,Widebody,0.899558323495891
2056,ssp245,Narrowbody,0.85599279151865
2056,ssp245,Widebody,0.89975138298034
2056,ssp370,Narrowbody,0.856200212651832
2056,ssp370,Widebody,0.900119381503414
2056,ssp585,Narrowbody,0.856532035811119
2056,ssp585,Widebody,0.90064977054162
2057,ssp126,Narrowbody,0.855935993478721
2057,ssp126,Widebody,0.899598246897011
2057,ssp245,Narrowbody,0.855952853230224
2057,ssp245,Widebody,0.899768399386042
2057,ssp370,Narrowbody,0.856221911873457
2057,ssp370,Widebody,0.900088390808905
2057,ssp585,Narrowbody,0.856336002463803
2057,ssp585,Widebody,0.90024957508903
2058,ssp126,Narrowbody,0.855836176273828
2058,ssp126,Widebody,0.899512841830862
2058,ssp245,Narrowbody,0.856199693064093
2058,ssp245,Widebody,0.900148091957681
2058,ssp370,Narrowbody,0.85664643510365
2058,ssp370,Widebody,0.900863740494763
2058,ssp585,Narrowbody,0.856273948488729
2058,ssp585,Widebody,0.900014024968747
2059,ssp126,Narrowbody,0.856089175585407
2059,ssp126,Widebody,0.900108162797791
2059,ssp245,Narrowbody,0.856368567489266
2059,ssp245,Widebody,0.900179430057682
2059,ssp370,Narrowbody,0.856533027676013
2059,ssp370,Widebody,0.900474187268246
2059,ssp585,Narrowbody,0.856621630447951
2059,ssp585,Widebody,0.900728440518344
2060,ssp126,Narrowbody,0.856262583885419
2060,ssp126,Widebody,0.900250883702766
2060,ssp245,Narrowbody,0.85625642692799
2060,ssp245,Widebody,0.900307402646399
2060,ssp370,Narrowbody,0.856288039972163
2060,ssp370,Widebody,0.900017533538451
2060,ssp585,Narrowbody,0.856748002517908
2060,ssp585,Widebody,0.900939446420352
2061,ssp126,Narrowbody,0.856026604147416
2061,ssp126,Widebody,0.899775619401047
2061,ssp245,Narrowbody,0.855944662461706
2061,ssp245,Widebody,0.899596063718974
2061,ssp370,Narrowbody,0.856458220206309
2061,ssp370,Widebody,0.900407706095928
2061,ssp585,Narrowbody,0.85657652627353
2061,ssp585,Widebody,0.900660891251471
2062,ssp126,Narrowbody,0.856024713574751
2062,ssp126,Widebody,0.899812287687085
2062,ssp245,Narrowbody,0.856175670243485
2062,ssp245,Widebody,0.900065020167741
2062,ssp370,Narrowbody,0.856404760384189
2062,ssp370,Widebody,0.900456020788607
2062,ssp585,Narrowbody,0.856492832832852
2062,ssp585,Widebody,0.900424962309988
2063,ssp126,Narrowbody,0.85587306783635
2063,ssp126,Widebody,0.8997176712758
2063,ssp245,Narrowbody,0.856173483763062
2063,ssp245,Widebody,0.900033962969786
2063,ssp370,Narrowbody,0.856397873266029
2063,ssp370,Widebody,0.900398564125531
2063,ssp585,Narrowbody,0.856650452815557
2063,ssp585,Widebody,0.900635073165606
2064,ssp126,Narrowbody,0.856101560763066
2064,ssp126,Widebody,0.899913545530367
2064,ssp245,Narrowbody,0.856276015272438
2064,ssp245,Widebody,0.900208549574237
2064,ssp370,Narrowbody,0.856401483390703
2064,ssp370,Widebody,0.900320050798218
2064,ssp585,Narrowbody,0.856755373725899
2064,ssp585,Widebody,0.900784615084396
2065,ssp126,Narrowbody,0.856070862450208
2065,ssp126,Widebody,0.899950341855074
2065,ssp245,Narrowbody,0.856513381264452
2065,ssp245,Widebody,0.900542383380704
2065,ssp370,Narrowbody,0.856606391883548
2065,ssp370,Widebody,0.900770295014725
2065,ssp585,Narrowbody,0.85701967124694
2065,ssp585,Widebody,0.901322220535848
2066,ssp126,Narrowbody,0.856195932865304
2066,ssp126,Widebody,0.900266426082045
2066,ssp245,Narrowbody,0.856540405397112
2066,ssp245,Widebody,0.900610391676418
2066,ssp370,Narrowbody,0.856434918835189
2066,ssp370,Widebody,0.900381997066597
2066,ssp585,Narrowbody,0.85658838491943
2066,ssp585,Widebody,0.90063625871808
2067,ssp126,Narrowbody,0.856222751806926
2067,ssp126,Widebody,0.90012983341516
2067,ssp245,Narrowbody,0.856272592478144
2067,ssp245,Widebody,0.900175544601521
2067,ssp370,Narrowbody,0.856853231572217
2067,ssp370,Widebody,0.900968187839678
2067,ssp585,Narrowbody,0.856730428565971
2067,ssp585,Widebody,0.900998997336677
2068,ssp126,Narrowbody,0.855892248365827
2068,ssp126,Widebody,0.899550005324619
2068,ssp245,Narrowbody,0.856113073206946
2068,ssp245,Widebody,0.899908567460033
2068,ssp370,Narrowbody,0.856679260080017
2068,ssp370,Widebody,0.900639704320454
2068,ssp585,Narrowbody,0.856730160562471
2068,ssp585,Widebody,0.900818339008043
2069,ssp126,Narrowbody,0.856202547483781
2069,ssp126,Widebody,0.900285970121468
2069,ssp245,Narrowbody,0.856056975764383
2069,ssp245,Widebody,0.899858885499252
2069,ssp370,Narrowbody,0.856457343445473
2069,ssp370,Widebody,0.900230040091631
2069,ssp585,Narrowbody,0.856636646617198
2069,ssp585,Widebody,0.900785082715062
2070,ssp126,Narrowbody,0.856089906344913
2070,ssp126,Widebody,0.89985464127414
2070,ssp245,Narrowbody,0.856180517867223
2070,ssp245,Widebody,0.89993755530583
2070,ssp370,Narrowbody,0.856513375258296
2070,ssp370,Widebody,0.900460867788187
2070,ssp585,Narrowbody,0.85722609415698
2070,ssp585,Widebody,0.901695852542949
2071,ssp126,Narrowbody,0.8558081091868
2071,ssp126,Widebody,0.899421112370732
2071,ssp245,Narrowbody,0.856468217730278
2071,ssp245,Widebody,0.900471745407518
2071,ssp370,Narrowbody,0.856728331588938
2071,ssp370,Widebody,0.901011940706241
2071,ssp585,Narrowbody,0.856802791377695
2071,ssp585,Widebody,0.90080803734497
2072,ssp126,Narrowbody,0.855842919669195
2072,ssp126,Widebody,0.899474343186413
2072,ssp245,Narrowbody,0.856339522141336
2072,ssp245,Widebody,0.900281472874493
2072,ssp370,Narrowbody,0.856798961253383
2072,ssp370,Widebody,0.900982525646806
2072,ssp585,Narrowbody,0.856810102741578
2072,ssp585,Widebody,0.901058533738023
2073,ssp126,Narrowbody,0.856141362856001
2073,ssp126,Widebody,0.899958685529251
2073,ssp245,Narrowbody,0.856385760664179
2073,ssp245,Widebody,0.90042972395966
2073,ssp370,Narrowbody,0.856824638324321
2073,ssp370,Widebody,0.900986716142724
2073,ssp585,Narrowbody,0.85708884311498
2073,ssp585,Widebody,0.901228483651474
2074,ssp126,Narrowbody,0.855930915332629
2074,ssp126,Widebody,0.899789973059089
2074,ssp245,Narrowbody,0.856349222866551
2074,ssp245,Widebody,0.900210187530654
2074,ssp370,Narrowbody,0.856814577984947
2074,ssp370,Widebody,0.901022953169015
2074,ssp585,Narrowbody,0.856693429889858
2074,ssp585,Widebody,0.900607515414748
2075,ssp126,Narrowbody,0.855764499732765
2075,ssp126,Widebody,0.899331860362006
2075,ssp245,Narrowbody,0.856255260126316
2075,ssp245,Widebody,0.90010561872831
2075,ssp370,Narrowbody,0.856760253702961
2075,ssp370,Widebody,0.900771186645343
2075,ssp585,Narrowbody,0.85698210929423
2075,ssp585,Widebody,0.901070018717189
2076,ssp126,Narrowbody,0.855998324545113
2076,ssp126,Widebody,0.899661932534613
2076,ssp245,Narrowbody,0.856710048626616
2076,ssp245,Widebody,0.900932596353968
2076,ssp370,Narrowbody,0.856684219697403
2076,ssp370,Widebody,0.900832349731439
2076,ssp585,Narrowbody,0.856705073209537
2076,ssp585,Widebody,0.900700684460696
2077,ssp126,Narrowbody,0.855967103782739
2077,ssp126,Widebody,0.899692583050648
2077,ssp245,Narrowbody,0.856398747282784
2077,ssp245,Widebody,0.90030140552728
2077,ssp370,Narrowbody,0.856440991188901
2077,ssp370,Widebody,0.900358160873622
2077,ssp585,Narrowbody,0.856801951662398
2077,ssp585,Widebody,0.900893716394838
2078,ssp126,Narrowbody,0.855981063366979
2078,ssp126,Widebody,0.899668966749761
2078,ssp245,Narrowbody,0.856241156309222
2078,ssp245,Widebody,0.900154175762984
2078,ssp370,Narrowbody,0.856792126205283
2078,ssp370,Widebody,0.900878499109844
2078,ssp585,Narrowbody,0.856832890690104
2078,ssp585,Widebody,0.900834555810355
2079,ssp126,Narrowbody,0.855959208976144
2079,ssp126,Widebody,0.899772769798778
2079,ssp245,Narrowbody,0.856223292770245
2079,ssp245,Widebody,0.900099699562101
2079,ssp370,Narrowbody,0.856975844950369
2079,ssp370,Widebody,0.901194972281134
2079,ssp585,Narrowbody,0.857038409318315
2079,ssp585,Widebody,0.901157086181674
2080,ssp126,Narrowbody,0.855796998890803
2080,ssp126,Widebody,0.899465555345992
2080,ssp245,Narrowbody,0.85643426389151
2080,ssp245,Widebody,0.900410763261752
2080,ssp370,Narrowbody,0.856577834930474
2080,ssp370,Widebody,0.900402092689112
2080,ssp585,Narrowbody,0.857251950645222
2080,ssp585,Widebody,0.901498330859557
2081,ssp126,Narrowbody,0.855923217264655
2081,ssp126,Widebody,0.899968274380441
2081,ssp245,Narrowbody,0.856484568430189
2081,ssp245,Widebody,0.900527336019544
2081,ssp370,Narrowbody,0.856764740652888
2081,ssp370,Widebody,0.900894318599286
2081,ssp585,Narrowbody,0.857178664809559
2081,ssp585,Widebody,0.901431143103296
2082,ssp126,Narrowbody,0.856045803932745
2082,ssp126,Widebody,0.899847459656474
2082,ssp245,Narrowbody,0.856352350518262
2082,ssp245,Widebody,0.900274072218649
2082,ssp370,Narrowbody,0.856751722346684
2082,ssp370,Widebody,0.901041418679619
2082,ssp585,Narrowbody,0.857120288115687
2082,ssp585,Widebody,0.901348372747284
2083,ssp126,Narrowbody,0.855671841775961
2083,ssp126,Widebody,0.899248285408344
2083,ssp245,Narrowbody,0.856118282999381
2083,ssp245,Widebody,0.899747354046088
2083,ssp370,Narrowbody,0.856824564431302
2083,ssp370,Widebody,0.901064006186236
2083,ssp585,Narrowbody,0.857239962902935
2083,ssp585,Widebody,0.901518399161328
2084,ssp126,Narrowbody,0.85602566200288
2084,ssp126,Widebody,0.899891671137849
2084,ssp245,Narrowbody,0.856254740921925
2084,ssp245,Widebody,0.900076165304123
2084,ssp370,Narrowbody,0.856920766166242
2084,ssp370,Widebody,0.901233914736635
2084,ssp585,Narrowbody,0.857027641609743
2084,ssp585,Widebody,0.901331912555335
2085,ssp126,Narrowbody,0.856144553084718
2085,ssp126,Widebody,0.900008521250737
2085,ssp245,Narrowbody,0.856649216420607
2085,ssp245,Widebody,0.900821018287648
2085,ssp370,Narrowbody,0.856777550419993
2085,ssp370,Widebody,0.900997476442459
2085,ssp585,Narrowbody,0.85716293143453
2085,ssp585,Widebody,0.90138942719144
2086,ssp126,Narrowbody,0.856093568205601
2086,ssp126,Widebody,0.900024513011164
2086,ssp245,Narrowbody,0.856344816591467
2086,ssp245,Widebody,0.900330082935866
2086,ssp370,Narrowbody,0.85688690129798
2086,ssp370,Widebody,0.901090741677757
2086,ssp585,Narrowbody,0.856984816603013
2086,ssp585,Widebody,0.901034798985428
2087,ssp126,Narrowbody,0.855956494341639
2087,ssp126,Widebody,0.899795643856316
2087,ssp245,Narrowbody,0.856669936729167
2087,ssp245,Widebody,0.900841735886232
2087,ssp370,Narrowbody,0.856728139782223
2087,ssp370,Widebody,0.900888962077135
2087,ssp585,Narrowbody,0.85724810074471
2087,ssp585,Widebody,0.901467401209872
2088,ssp126,Narrowbody,0.855924537719432
2088,ssp126,Widebody,0.899632948647537
2088,ssp245,Narrowbody,0.856417076442769
2088,ssp245,Widebody,0.900263108620505
2088,ssp370,Narrowbody,0.857246425454962
2088,ssp370,Widebody,0.901594786995926
2088,ssp585,Narrowbody,0.857195928430008
2088,ssp585,Widebody,0.901425239344269
2089,ssp126,Narrowbody,0.856094122243282
2089,ssp126,Widebody,0.899818170984826
2089,ssp245,Narrowbody,0.856541258907423
2089,ssp245,Widebody,0.900583364029802
2089,ssp370,Narrowbody,0.856978973623715
2089,ssp370,Widebody,0.901155732047781
2089,ssp585,Narrowbody,0.857529974405464
2089,ssp585,Widebody,0.902096472796449
2090,ssp126,Narrowbody,0.856203095259587
2090,ssp126,Widebody,0.900116998167635
2090,ssp245,Narrowbody,0.85642553815889
2090,ssp245,Widebody,0.900370965964826
2090,ssp370,Narrowbody,0.856876650230534
2090,ssp370,Widebody,0.900928682162259
2090,ssp585,Narrowbody,0.857417514127917
2090,ssp585,Widebody,0.901838129037067
2091,ssp126,Narrowbody,0.855922606705434
2091,ssp126,Widebody,0.899670280991446
2091,ssp245,Narrowbody,0.856392705538975
2091,ssp245,Widebody,0.900124433063291
2091,ssp370,Narrowbody,0.856911809731647
2091,ssp370,Widebody,0.900822463197208
2091,ssp585,Narrowbody,0.857576320867041
2091,ssp585,Widebody,0.901986566246876
2092,ssp126,Narrowbody,0.855811201963586
2092,ssp126,Widebody,0.899577002028466
2092,ssp245,Narrowbody,0.85642759704727
2092,ssp245,Widebody,0.900440331375346
2092,ssp370,Narrowbody,0.856903119016004
2092,ssp370,Widebody,0.900971317073943
2092,ssp585,Narrowbody,0.857274981113233
2092,ssp585,Widebody,0.901547747534328
2093,ssp126,Narrowbody,0.855967289859536
2093,ssp126,Widebody,0.899785236712041
2093,ssp245,Narrowbody,0.856542546776207
2093,ssp245,Widebody,0.900617507574963
2093,ssp370,Narrowbody,0.857292154714011
2093,ssp370,Widebody,0.901760519452292
2093,ssp585,Narrowbody,0.857565643858607
2093,ssp585,Widebody,0.902043760045765
2094,ssp126,Narrowbody,0.856366662855401
2094,ssp126,Widebody,0.900243405737541
2094,ssp245,Narrowbody,0.856465172773758
2094,ssp245,Widebody,0.900506588524329
2094,ssp370,Narrowbody,0.857322861841708
2094,ssp370,Widebody,0.901760603831555
2094,ssp585,Narrowbody,0.857785507404736
2094,ssp585,Widebody,0.902538503063798
2095,ssp126,Narrowbody,0.856169532284127
2095,ssp126,Widebody,0.899985125583062
2095,ssp245,Narrowbody,0.856507709451339
2095,ssp245,Widebody,0.900638290288909
2095,ssp370,Narrowbody,0.85740683407418
2095,ssp370,Widebody,0.901846239162104
2095,ssp585,Narrowbody,0.85774519812593
2095,ssp585,Widebody,0.902362583985484
2096,ssp126,Narrowbody,0.856036535282603
2096,ssp126,Widebody,0.899810552442641
2096,ssp245,Narrowbody,0.856238304186195
2096,ssp245,Widebody,0.900083185491755
2096,ssp370,Narrowbody,0.857226240579034
2096,ssp370,Widebody,0.901601673765862
2096,ssp585,Narrowbody,0.857561397027343
2096,ssp585,Widebody,0.902059992831902
2097,ssp126,Narrowbody,0.855907222333338
2097,ssp126,Widebody,0.899743758544369
2097,ssp245,Narrowbody,0.856619806262548
2097,ssp245,Widebody,0.900788434797595
2097,ssp370,Narrowbody,0.856987759120371
2097,ssp370,Widebody,0.901178145106999
2097,ssp585,Narrowbody,0.857726658886972
2097,ssp585,Widebody,0.902378640726979
2098,ssp126,Narrowbody,0.855688207077579
2098,ssp126,Widebody,0.899293156254003
2098,ssp245,Narrowbody,0.856221753237436
2098,ssp245,Widebody,0.900060543190161
2098,ssp370,Narrowbody,0.857357231813258
2098,ssp370,Widebody,0.901813507248985
2098,ssp585,Narrowbody,0.857915868421019
2098,ssp585,Widebody,0.90262796582667
2099,ssp126,Narrowbody,0.855907501529212
2099,ssp126,Widebody,0.899580615127543
2099,ssp245,Narrowbody,0.85630353969582
2099,ssp245,Widebody,0.900287617181918
2099,ssp370,Narrowbody,0.857116983524578
2099,ssp370,Widebody,0.901378980734289
2099,ssp585,Narrowbody,0.857726977938147
2099,ssp585,Widebody,0.902130533383931
2100,ssp126,Narrowbody,0.856001373435831
2100,ssp126,Widebody,0.899789945804878
2100,ssp245,Narrowbody,0.856402957085777
2100,ssp245,Widebody,0.900162687181618
2100,ssp370,Narrowbody,0.857343514417902
2100,ssp370,Widebody,0.901855065807571
2100,ssp585,Narrowbody,0.857822329035212
2100,ssp585,Widebody,0.90251147266942
