year,exp,type,todr_avg,todr_avg_loess
2015,ssp126,Narrowbody,2931.255,2930.72570171133
2015,ssp126,Widebody,3341.95,3340.61510201946
2015,ssp245,Narrowbody,2929.23,2931.21534183432
2015,ssp245,Widebody,3340.41,3341.23702043146
2015,ssp370,Narrowbody,2930.1,2931.26568828965
2015,ssp370,Widebody,3340.885,3341.34013146472
2015,ssp585,Narrowbody,2931.7,2931.55339105313
2015,ssp585,Widebody,3342.93,3341.36229477929
2016,ssp126,Narrowbody,2930.545,2930.83515000054
2016,ssp126,Widebody,3341.33,3340.69917529623
2016,ssp245,Narrowbody,2928.065,2931.26427585647
2016,ssp245,Widebody,3339.205,3341.25756375068
2016,ssp370,Narrowbody,2930.385,2931.32588584862
2016,ssp370,Widebody,3340.955,3341.37022957872
2016,ssp585,Narrowbody,2932.19,2931.57069641192
2016,ssp585,Widebody,3342.365,3341.36949790526
2017,ssp126,Narrowbody,2930.815,2930.94273404575
2017,ssp126,Widebody,3340.29,3340.78180823551
2017,ssp245,Narrowbody,2932.13,2931.3148206689
2017,ssp245,Widebody,3342.26,3341.27969203461
2017,ssp370,Narrowbody,2936.145,2931.38991700794
2017,ssp370,Widebody,3344.265,3341.40339291022
2017,ssp585,Narrowbody,2932.515,2931.59451832819
2017,ssp585,Widebody,3342.295,3341.38149438497
2018,ssp126,Narrowbody,2932.575,2931.04850463411
2018,ssp126,Widebody,3342.15,3340.86310906505
2018,ssp245,Narrowbody,2934.61,2931.36691083669
2018,ssp245,Widebody,3343.61,3341.30340430144
2018,ssp370,Narrowbody,2934.19,2931.45781836192
2018,ssp370,Widebody,3342.215,3341.43966353552
2018,ssp585,Narrowbody,2932.365,2931.62495093311
2018,ssp585,Widebody,3340.86,3341.398419957
2019,ssp126,Narrowbody,2930.405,2931.15251255278
2019,ssp126,Widebody,3339.84,3340.94318601256
2019,ssp245,Narrowbody,2934.72,2931.42048092492
2019,ssp245,Widebody,3343.52,3341.32869956937
2019,ssp370,Narrowbody,2931.13,2931.52962650485
2019,ssp370,Widebody,3340.95,3341.4790835309
2019,ssp585,Narrowbody,2930.86,2931.66208835787
2019,ssp585,Widebody,3340.295,3341.42041035991
2020,ssp126,Narrowbody,2930.555,2931.25480858891
2020,ssp126,Widebody,3340.475,3341.02214730578
2020,ssp245,Narrowbody,2929.07,2931.47546549866
2020,ssp245,Widebody,3339.665,3341.35557685658
2020,ssp370,Narrowbody,2931.24,2931.60537803103
2020,ssp370,Widebody,3341.655,3341.52169497262
2020,ssp585,Narrowbody,2930.095,2931.70602473366
2020,ssp585,Widebody,3339.84,3341.44760133227
2021,ssp126,Narrowbody,2928.91,2931.35544352966
2021,ssp126,Widebody,3338.715,3341.10010117244
2021,ssp245,Narrowbody,2933.465,2931.53179912299
2021,ssp245,Widebody,3342.285,3341.38403518125
2021,ssp370,Narrowbody,2929.575,2931.68510953476
2021,ssp370,Widebody,3340.525,3341.56753993699
2021,ssp585,Narrowbody,2933.145,2931.75685419165
2021,ssp585,Widebody,3341.995,3341.48012861262
2022,ssp126,Narrowbody,2929.415,2931.45446816219
2022,ssp126,Widebody,3340.47,3341.17715584027
2022,ssp245,Narrowbody,2932.79,2931.58941636299
2022,ssp245,Widebody,3341.57,3341.41407356157
2022,ssp370,Narrowbody,2930.95,2931.76885761033
2022,ssp370,Widebody,3340.945,3341.61666050028
2022,ssp585,Narrowbody,2933.23,2931.81467086303
2022,ssp585,Widebody,3341.51,3341.51812793954
2023,ssp126,Narrowbody,2935.805,2931.55193327364
2023,ssp126,Widebody,3343.85,3341.253419537
2023,ssp245,Narrowbody,2929.775,2931.64825178374
2023,ssp245,Widebody,3339.58,3341.44569101574
2023,ssp370,Narrowbody,2930.175,2931.85665885206
2023,ssp370,Widebody,3341.51,3341.66909873876
2023,ssp585,Narrowbody,2932.335,2931.87956887899
2023,ssp585,Widebody,3342.055,3341.5617350516
2024,ssp126,Narrowbody,2933.715,2931.64788965119
2024,ssp126,Widebody,3341.5,3341.32900049036
2024,ssp245,Narrowbody,2931.385,2931.70823995031
2024,ssp245,Widebody,3340.08,3341.47888656194
2024,ssp370,Narrowbody,2930.955,2931.94854985422
2024,ssp370,Widebody,3341.1,3341.72489672873
2024,ssp585,Narrowbody,2930.745,2931.95164237071
2024,ssp585,Widebody,3341.23,3341.61108568735
2025,ssp126,Narrowbody,2931.025,2931.74238808198
2025,ssp126,Widebody,3340.76,3341.40400692807
2025,ssp245,Narrowbody,2930.74,2931.76931542778
2025,ssp245,Widebody,3340.81,3341.51365921836
2025,ssp370,Narrowbody,2930.645,2932.04456721113
2025,ssp370,Widebody,3340.035,3341.78409654647
2025,ssp585,Narrowbody,2931.65,2932.03098546936
2025,ssp585,Widebody,3342.295,3341.66631558536
2026,ssp126,Narrowbody,2931.91,2931.83540230488
2026,ssp126,Widebody,3342.24,3341.47853175325
2026,ssp245,Narrowbody,2931.93,2931.83146511228
2026,ssp245,Widebody,3342.895,3341.55009064028
2026,ssp370,Narrowbody,2932.915,2932.14478961134
2026,ssp370,Widebody,3343.47,3341.84675721354
2026,ssp585,Narrowbody,2930.93,2932.11771734543
2026,ssp585,Widebody,3340.905,3341.72764563556
2027,ssp126,Narrowbody,2934.08,2931.92682481341
2027,ssp126,Widebody,3342.84,3341.55246699204
2027,ssp245,Narrowbody,2930.295,2931.89477767005
2027,ssp245,Widebody,3341.365,3341.58824106267
2027,ssp370,Narrowbody,2930.03,2932.24921188103
2027,ssp370,Widebody,3339.86,3341.91285094143
2027,ssp585,Narrowbody,2929.725,2932.21176964361
2027,ssp585,Widebody,3340.09,3341.79502504906
2028,ssp126,Narrowbody,2931.945,2932.01658452671
2028,ssp126,Widebody,3340.74,3341.62561955672
2028,ssp245,Narrowbody,2931.165,2931.95934032129
2028,ssp245,Widebody,3341.57,3341.62807737326
2028,ssp370,Narrowbody,2932.19,2932.35774482096
2028,ssp370,Widebody,3342.525,3341.98228959123
2028,ssp585,Narrowbody,2931.745,2932.3129552064
2028,ssp585,Widebody,3341.075,3341.86818204617
2029,ssp126,Narrowbody,2931.73,2932.10461036393
2029,ssp126,Widebody,3341.055,3341.69779635958
2029,ssp245,Narrowbody,2934.48,2932.02524028623
2029,ssp245,Widebody,3342.845,3341.66956645978
2029,ssp370,Narrowbody,2932.92,2932.47029923188
2029,ssp370,Widebody,3342.545,3342.05498502406
2029,ssp585,Narrowbody,2932.865,2932.42108687631
2029,ssp585,Widebody,3342,3341.9468448472
2030,ssp126,Narrowbody,2929.27,2932.1908312442
2030,ssp126,Widebody,3340.355,3341.76880431291
2030,ssp245,Narrowbody,2932.215,2932.09256478508
2030,ssp245,Widebody,3340.89,3341.71267520994
2030,ssp370,Narrowbody,2932.915,2932.58678591455
2030,ssp370,Widebody,3342.25,3342.13084910102
2030,ssp585,Narrowbody,2933.91,2932.53597749585
2030,ssp585,Widebody,3341.77,3342.03074167244
2031,ssp126,Narrowbody,2931.925,2932.27517608667
2031,ssp126,Widebody,3341.66,3341.83845032898
2031,ssp245,Narrowbody,2933.89,2932.16140103808
2031,ssp245,Widebody,3343.405,3341.75737051149
2031,ssp370,Narrowbody,2932.685,2932.70711566971
2031,ssp370,Widebody,3342.54,3342.20979368322
2031,ssp585,Narrowbody,2928.875,2932.65743990752
2031,ssp585,Widebody,3339.71,3342.11960074222
2032,ssp126,Narrowbody,2932.225,2932.35757381047
2032,ssp126,Widebody,3341.64,3341.90654132008
2032,ssp245,Narrowbody,2931.98,2932.23183626543
2032,ssp245,Widebody,3341.745,3341.80361925215
2032,ssp370,Narrowbody,2931.575,2932.83119929813
2032,ssp370,Widebody,3340.755,3342.29173063177
2032,ssp585,Narrowbody,2933.135,2932.78528695384
2032,ssp585,Widebody,3343.07,3342.21315027683
2033,ssp126,Narrowbody,2932.845,2932.43795333476
2033,ssp126,Widebody,3342.105,3341.9728841985
2033,ssp245,Narrowbody,2934.485,2932.30395768736
2033,ssp245,Widebody,3343.535,3341.85138831965
2033,ssp370,Narrowbody,2937.095,2932.95894760055
2033,ssp370,Widebody,3344.205,3342.37657180778
2033,ssp585,Narrowbody,2932.245,2932.9193314773
2033,ssp585,Widebody,3341.7,3342.31111849658
2034,ssp126,Narrowbody,2931.15,2932.51624357866
2034,ssp126,Widebody,3340.26,3342.03728587652
2034,ssp245,Narrowbody,2932.58,2932.37785252409
2034,ssp245,Widebody,3340.505,3341.90064460171
2034,ssp370,Narrowbody,2933.4,2933.09027137773
2034,ssp370,Widebody,3342.53,3342.46422907236
2034,ssp585,Narrowbody,2934.26,2933.05938632042
2034,ssp585,Widebody,3342.7,3342.41323362179
2035,ssp126,Narrowbody,2930.65,2932.59237346133
2035,ssp126,Widebody,3340.69,3342.09955326643
2035,ssp245,Narrowbody,2932.905,2932.45360799583
2035,ssp245,Widebody,3342.515,3341.95135498606
2035,ssp370,Narrowbody,2934.54,2933.22508143041
2035,ssp370,Widebody,3343.95,3342.55461428661
2035,ssp585,Narrowbody,2935.175,2933.20526432571
2035,ssp585,Widebody,3343.62,3342.51922387275
2036,ssp126,Narrowbody,2931.505,2932.6662719019
2036,ssp126,Widebody,3341.585,3342.15949328051
2036,ssp245,Narrowbody,2930.035,2932.53131132282
2036,ssp245,Widebody,3340.05,3342.00348636043
2036,ssp370,Narrowbody,2932.49,2933.36328855936
2036,ssp370,Widebody,3341.595,3342.64763931164
2036,ssp585,Narrowbody,2933.14,2933.35677833567
2036,ssp585,Widebody,3342.74,3342.62881746978
2037,ssp126,Narrowbody,2931.235,2932.73923717661
2037,ssp126,Widebody,3342.07,3342.22004448009
2037,ssp245,Narrowbody,2933.565,2932.61029098238
2037,ssp245,Widebody,3342.605,3342.05790151159
2037,ssp370,Narrowbody,2934.19,2933.50715709921
2037,ssp370,Widebody,3343.19,3342.74474218364
2037,ssp585,Narrowbody,2934.88,2933.51845189455
2037,ssp585,Widebody,3344.25,3342.74680763073
2038,ssp126,Narrowbody,2934.85,2932.81230720975
2038,ssp126,Widebody,3343.34,3342.28353323572
2038,ssp245,Narrowbody,2932.135,2932.69000962605
2038,ssp245,Widebody,3341.325,3342.11527227272
2038,ssp370,Narrowbody,2933.53,2933.65838648157
2038,ssp370,Widebody,3342.925,3342.84704271232
2038,ssp585,Narrowbody,2935.49,2933.69375217444
2038,ssp585,Widebody,3344.405,3342.87691654093
2039,ssp126,Narrowbody,2932.965,2932.88502039254
2039,ssp126,Widebody,3342.565,3342.34884817356
2039,ssp245,Narrowbody,2934.31,2932.77075573532
2039,ssp245,Widebody,3344.035,3342.17527910119
2039,ssp370,Narrowbody,2931.78,2933.81604015263
2039,ssp370,Widebody,3340.345,3342.953975419
2039,ssp585,Narrowbody,2929.295,2933.88090745963
2039,ssp585,Widebody,3339.73,3343.01726587187
2040,ssp126,Narrowbody,2934.8,2932.9569151162
2040,ssp126,Widebody,3343.865,3342.41487791973
2040,ssp245,Narrowbody,2931.27,2932.85281779169
2040,ssp245,Widebody,3341.005,3342.23760245437
2040,ssp370,Narrowbody,2935.335,2933.9791815586
2040,ssp370,Widebody,3343.735,3343.06497482505
2040,ssp585,Narrowbody,2933.87,2934.07814603438
2040,ssp585,Widebody,3343.04,3343.16597729505
2041,ssp126,Narrowbody,2933.92,2933.02752977196
2041,ssp126,Widebody,3342.305,3342.4805111004
2041,ssp245,Narrowbody,2930.875,2932.93648427665
2041,ssp245,Widebody,3340.89,3342.30192278963
2041,ssp370,Narrowbody,2932.965,2934.14687414567
2041,ssp370,Widebody,3342.345,3343.17947545181
2041,ssp585,Narrowbody,2936.645,2934.28369618296
2041,ssp585,Widebody,3344.815,3343.32117248197
2042,ssp126,Narrowbody,2932.28,2933.09640275103
2042,ssp126,Widebody,3342.315,3342.54463634168
2042,ssp245,Narrowbody,2930.835,2933.02204367169
2042,ssp245,Widebody,3341.015,3342.36792056434
2042,ssp370,Narrowbody,2935.13,2934.31818136005
2042,ssp370,Widebody,3343.835,3343.29691182064
2042,ssp585,Narrowbody,2937.335,2934.49578618965
2042,ssp585,Widebody,3345.295,3343.48097310413
2043,ssp126,Narrowbody,2933.8,2933.16307244465
2043,ssp126,Widebody,3343.205,3342.60614226974
2043,ssp245,Narrowbody,2932.045,2933.10978445831
2043,ssp245,Widebody,3342.73,3342.43527623585
2043,ssp370,Narrowbody,2935.61,2934.49216664792
2043,ssp370,Widebody,3344.685,3343.41671845287
2043,ssp585,Narrowbody,2934.585,2934.71264433872
2043,ssp585,Widebody,3343.54,3343.64350083303
2044,ssp126,Narrowbody,2934.785,2933.22707724403
2044,ssp126,Widebody,3344.585,3342.6639175107
2044,ssp245,Narrowbody,2933.84,2933.19999511799
2044,ssp245,Widebody,3343.615,3342.50367026155
2044,ssp370,Narrowbody,2933.24,2934.66789345548
2044,ssp370,Widebody,3343.11,3343.53832986987
2044,ssp585,Narrowbody,2934.615,2934.93249891445
2044,ssp585,Widebody,3343.345,3343.80687734016
2045,ssp126,Narrowbody,2933.345,2933.2879555404
2045,ssp126,Widebody,3342.46,3342.71685069071
2045,ssp245,Narrowbody,2934.02,2933.29296413224
2045,ssp245,Widebody,3343.605,3342.57278309879
2045,ssp370,Narrowbody,2933.335,2934.84442522894
2045,ssp370,Widebody,3343.275,3343.66118059298
2045,ssp585,Narrowbody,2934.44,2935.15357820109
2045,ssp585,Widebody,3343.925,3343.96922429703
2046,ssp126,Narrowbody,2936.49,2933.34524572498
2046,ssp126,Widebody,3344.505,3342.76383043591
2046,ssp245,Narrowbody,2934.495,2933.38897998255
2046,ssp245,Widebody,3342.94,3342.64229520495
2046,ssp370,Narrowbody,2936.1,2935.0208254145
2046,ssp370,Widebody,3344.37,3343.78470514354
2046,ssp585,Narrowbody,2931.18,2935.37411048293
2046,ssp585,Widebody,3342.21,3344.12866337513
2047,ssp126,Narrowbody,2933.45,2933.39848618899
2047,ssp126,Widebody,3342.085,3342.80374537244
2047,ssp245,Narrowbody,2935.855,2933.48833115042
2047,ssp245,Widebody,3343.63,3342.71188703739
2047,ssp370,Narrowbody,2934.26,2935.19615745834
2047,ssp370,Widebody,3343.505,3343.90833804292
2047,ssp585,Narrowbody,2935.22,2935.59232404424
2047,ssp585,Widebody,3344.115,3344.28331624596
2048,ssp126,Narrowbody,2932.11,2933.45189206891
2048,ssp126,Widebody,3343.79,3342.83831694542
2048,ssp245,Narrowbody,2932.715,2933.59493519229
2048,ssp245,Widebody,3341.48,3342.78447100954
2048,ssp370,Narrowbody,2931.97,2935.37251132368
2048,ssp370,Widebody,3342.74,3344.03396359315
2048,ssp585,Narrowbody,2935.82,2935.81387926611
2048,ssp585,Widebody,3343.845,3344.43578139383
2049,ssp126,Narrowbody,2933.445,2933.50860716878
2049,ssp126,Widebody,3343.27,3342.86978783713
2049,ssp245,Narrowbody,2932.82,2933.711095147
2049,ssp245,Widebody,3342.015,3342.86232685222
2049,ssp370,Narrowbody,2936.35,2935.55233272681
2049,ssp370,Widebody,3346.09,3344.16346766567
2049,ssp585,Narrowbody,2940.23,2936.0442950167
2049,ssp585,Widebody,3346.785,3344.58973500353
2050,ssp126,Narrowbody,2931.365,2933.56656288117
2050,ssp126,Widebody,3341.08,3342.89782852944
2050,ssp245,Narrowbody,2934.165,2933.83467771963
2050,ssp245,Widebody,3343.04,3342.94418599886
2050,ssp370,Narrowbody,2939.38,2935.73521874358
2050,ssp370,Widebody,3346.3,3344.29628713594
2050,ssp585,Narrowbody,2934.655,2936.28158731091
2050,ssp585,Widebody,3343.195,3344.74491529729
2051,ssp126,Narrowbody,2933.865,2933.62369059864
2051,ssp126,Widebody,3342.795,3342.92210950422
2051,ssp245,Narrowbody,2932.54,2933.96354961525
2051,ssp245,Widebody,3341.66,3343.02877988292
2051,ssp370,Narrowbody,2936.565,2935.92076644986
2051,ssp370,Widebody,3343.63,3344.43185887942
2051,ssp585,Narrowbody,2936.21,2936.52377216363
2051,ssp585,Widebody,3344.91,3344.90106049735
2052,ssp126,Narrowbody,2932.69,2933.67792171377
2052,ssp126,Widebody,3341.815,3342.94230124335
2052,ssp245,Narrowbody,2934.975,2934.09557753892
2052,ssp245,Widebody,3343.77,3343.11483993783
2052,ssp370,Narrowbody,2937.61,2936.10857292148
2052,ssp370,Widebody,3346.11,3344.56961977156
2052,ssp585,Narrowbody,2936.03,2936.76886558975
2052,ssp585,Widebody,3344.66,3345.05790882594
2053,ssp126,Narrowbody,2932.295,2933.72718761913
2053,ssp126,Widebody,3341.19,3342.95807422871
2053,ssp245,Narrowbody,2936.085,2934.22862819572
2053,ssp245,Widebody,3344.245,3343.20109759703
2053,ssp370,Narrowbody,2936.62,2936.2982352343
2053,ssp370,Widebody,3344.12,3344.70900668784
2053,ssp585,Narrowbody,2936.245,2937.01488360416
2053,ssp585,Widebody,3344.3,3345.21519850529
2054,ssp126,Narrowbody,2936.03,2933.76941970728
2054,ssp126,Widebody,3344.8,3342.96909894216
2054,ssp245,Narrowbody,2934.035,2934.36056829072
2054,ssp245,Widebody,3342.965,3343.28628429396
2054,ssp370,Narrowbody,2934.525,2936.48935046417
2054,ssp370,Widebody,3343.595,3344.84945650369
2054,ssp585,Narrowbody,2935.86,2937.25984222175
2054,ssp585,Widebody,3344,3345.37266775763
2055,ssp126,Narrowbody,2933.565,2933.8025493708
2055,ssp126,Widebody,3342.485,3342.97504586559
2055,ssp245,Narrowbody,2933.245,2934.48926452898
2055,ssp245,Widebody,3343.515,3343.36913146207
2055,ssp370,Narrowbody,2937.095,2936.68151568695
2055,ssp370,Widebody,3344.845,3344.99040609458
2055,ssp585,Narrowbody,2937.29,2937.5017574574
2055,ssp585,Widebody,3345.705,3345.5300548052
2056,ssp126,Narrowbody,2931.585,2933.82450800224
2056,ssp126,Widebody,3341.315,3342.97558548087
2056,ssp245,Narrowbody,2933.915,2934.61258361558
2056,ssp245,Widebody,3343.385,3343.44837053478
2056,ssp370,Narrowbody,2934.94,2936.87432797847
2056,ssp370,Widebody,3343.44,3345.13129233597
2056,ssp585,Narrowbody,2940.57,2937.73864532602
2056,ssp585,Widebody,3348.4,3345.68709787024
2057,ssp126,Narrowbody,2933.025,2933.8332269942
2057,ssp126,Widebody,3342.695,3342.97038826987
2057,ssp245,Narrowbody,2933.565,2934.72839225558
2057,ssp245,Widebody,3343.295,3343.52273294555
2057,ssp370,Narrowbody,2935.23,2937.0673844146
2057,ssp370,Widebody,3343.455,3345.27155210331
2057,ssp585,Narrowbody,2938.76,2937.96852184249
2057,ssp585,Widebody,3347.42,3345.84353517497
2058,ssp126,Narrowbody,2933.375,2933.82411805143
2058,ssp126,Widebody,3344,3342.95321669167
2058,ssp245,Narrowbody,2936.33,2934.84036615415
2058,ssp245,Widebody,3344.555,3343.59349604148
2058,ssp370,Narrowbody,2939.275,2937.26359787211
2058,ssp370,Widebody,3345.765,3345.41308068723
2058,ssp585,Narrowbody,2935.675,2938.19172367959
2058,ssp585,Widebody,3344.625,3345.9972502793
2059,ssp126,Narrowbody,2935.09,2933.79646833876
2059,ssp126,Widebody,3343.605,3342.92026137043
2059,ssp245,Narrowbody,2935.58,2934.95325581276
2059,ssp245,Widebody,3343.58,3343.66287749085
2059,ssp370,Narrowbody,2938.405,2937.46531532707
2059,ssp370,Widebody,3346.615,3345.5577050815
2059,ssp585,Narrowbody,2939.775,2938.41076167081
2059,ssp585,Widebody,3347.21,3346.14715833221
2060,ssp126,Narrowbody,2935.1,2933.75402243886
2060,ssp126,Widebody,3342.97,3342.87483503561
2060,ssp245,Narrowbody,2935.59,2935.066540131
2060,ssp245,Widebody,3343.675,3343.73101920882
2060,ssp370,Narrowbody,2938.245,2937.67128500423
2060,ssp370,Widebody,3347.58,3345.70475971631
2060,ssp585,Narrowbody,2941.57,2938.62691307207
2060,ssp585,Widebody,3348.035,3346.29454493951
2061,ssp126,Narrowbody,2933.695,2933.70052493436
2061,ssp126,Widebody,3343.205,3342.82025041666
2061,ssp245,Narrowbody,2933.835,2935.17969800845
2061,ssp245,Widebody,3343.83,3343.79806311058
2061,ssp370,Narrowbody,2938.24,2937.88025512837
2061,ssp370,Widebody,3346.355,3345.85357902183
2061,ssp585,Narrowbody,2937.85,2938.8414551393
2061,ssp585,Widebody,3345.185,3346.44069570704
2062,ssp126,Narrowbody,2933.86,2933.63972040793
2062,ssp126,Widebody,3342.865,3342.75982024305
2062,ssp245,Narrowbody,2934.98,2935.2922083447
2062,ssp245,Widebody,3343.41,3343.86415111131
2062,ssp370,Narrowbody,2937.87,2938.09097392424
2062,ssp370,Widebody,3345.595,3346.00349742826
2062,ssp585,Narrowbody,2936.61,2939.05566512843
2062,ssp585,Widebody,3345.115,3346.58689624062
2063,ssp126,Narrowbody,2932.695,2933.5753534422
2063,ssp126,Widebody,3342.81,3342.69685724424
2063,ssp245,Narrowbody,2935.4,2935.40355003933
2063,ssp245,Widebody,3344.2,3343.92942512619
2063,ssp370,Narrowbody,2936.225,2938.30218961661
2063,ssp370,Widebody,3344.33,3346.15384936577
2063,ssp585,Narrowbody,2939.83,2939.27082029539
2063,ssp585,Widebody,3347.26,3346.73443214606
2064,ssp126,Narrowbody,2934.14,2933.51116861984
2064,ssp126,Widebody,3343.115,3342.6346741497
2064,ssp245,Narrowbody,2936.59,2935.51320199191
2064,ssp245,Widebody,3344.605,3343.9940270704
2064,ssp370,Narrowbody,2935.525,2938.51265043024
2064,ssp370,Widebody,3344.265,3346.30396926455
2064,ssp585,Narrowbody,2939.92,2939.4881978961
2064,ssp585,Widebody,3347.01,3346.88458902921
2065,ssp126,Narrowbody,2932.945,2933.4509105235
2065,ssp126,Widebody,3341.53,3342.5765836889
2065,ssp245,Narrowbody,2937.305,2935.62064310204
2065,ssp245,Widebody,3344.205,3344.05809885912
2065,ssp370,Narrowbody,2939.92,2938.72110458989
2065,ssp370,Widebody,3347.14,3346.45319155477
2065,ssp585,Narrowbody,2941.67,2939.70907518649
2065,ssp585,Widebody,3347.49,3347.03865249588
2066,ssp126,Narrowbody,2936.16,2933.39832373581
2066,ssp126,Widebody,3344.415,3342.52589859128
2066,ssp245,Narrowbody,2937.805,2935.72535226929
2066,ssp245,Widebody,3345.6,3344.12178240752
2066,ssp370,Narrowbody,2939.01,2938.92630032034
2066,ssp370,Widebody,3347.72,3346.60085066663
2066,ssp585,Narrowbody,2939.52,2939.93472942249
2066,ssp585,Widebody,3347.035,3347.19790815189
2067,ssp126,Narrowbody,2933.725,2933.35715283945
2067,ssp126,Widebody,3341.735,3342.48593158633
2067,ssp245,Narrowbody,2934.855,2935.82680839324
2067,ssp245,Widebody,3343.03,3344.1852196308
2067,ssp370,Narrowbody,2940.635,2939.12698584635
2067,ssp370,Widebody,3346.655,3346.7462810303
2067,ssp585,Narrowbody,2941.115,2940.16643786004
2067,ssp585,Widebody,3348.115,3347.36364160308
2068,ssp126,Narrowbody,2933.805,2933.33114241705
2068,ssp126,Widebody,3343.59,3342.45999540349
2068,ssp245,Narrowbody,2935.255,2935.92449037348
2068,ssp245,Widebody,3344.295,3344.24855244412
2068,ssp370,Narrowbody,2941.185,2939.32190939267
2068,ssp370,Widebody,3348.35,3346.88881707597
2068,ssp585,Narrowbody,2940.805,2940.40547775504
2068,ssp585,Widebody,3347.585,3347.53713845527
2069,ssp126,Narrowbody,2935.12,2933.31516301121
2069,ssp126,Widebody,3342.885,3342.44369272334
2069,ssp245,Narrowbody,2934.72,2936.02032369498
2069,ssp245,Widebody,3344.18,3344.31187214315
2069,ssp370,Narrowbody,2937.78,2939.51259103681
2069,ssp370,Widebody,3346.18,3347.03062421089
2069,ssp585,Narrowbody,2939.285,2940.64548149793
2069,ssp585,Widebody,3346.595,3347.71459159465
2070,ssp126,Narrowbody,2934.72,2933.30139153567
2070,ssp126,Widebody,3342.625,3342.43019277524
2070,ssp245,Narrowbody,2934.475,2936.11625117705
2070,ssp245,Widebody,3344.095,3344.37508606923
2070,ssp370,Narrowbody,2938.765,2939.70166508422
2070,ssp370,Widebody,3346.87,3347.17399059051
2070,ssp585,Narrowbody,2944.845,2940.88093166927
2070,ssp585,Widebody,3349.65,3347.89203283594
2071,ssp126,Narrowbody,2932.325,2933.28953212986
2071,ssp126,Widebody,3342.35,3342.41915811188
2071,ssp245,Narrowbody,2936.635,2936.21177772073
2071,ssp245,Widebody,3344.29,3344.43806020608
2071,ssp370,Narrowbody,2942.04,2939.88955110156
2071,ssp370,Widebody,3348.94,3347.3184347673
2071,ssp585,Narrowbody,2939.655,2941.1143808102
2071,ssp585,Widebody,3347.095,3348.07050617781
2072,ssp126,Narrowbody,2931.97,2933.27928893319
2072,ssp126,Widebody,3342.015,3342.41025128592
2072,ssp245,Narrowbody,2937.115,2936.30640822709
2072,ssp245,Widebody,3345.21,3344.50066053743
2072,ssp370,Narrowbody,2941.23,2940.0766686555
2072,ssp370,Widebody,3347.91,3347.46347529374
2072,ssp585,Narrowbody,2940.215,2941.34838146187
2072,ssp585,Widebody,3347.36,3348.25105561888
2073,ssp126,Narrowbody,2934.275,2933.27036608507
2073,ssp126,Widebody,3342.8,3342.40313485004
2073,ssp245,Narrowbody,2935.265,2936.39964759716
2073,ssp245,Widebody,3342.38,3344.56275304701
2073,ssp370,Narrowbody,2942.29,2940.26343731272
2073,ssp370,Widebody,3348.845,3347.60863072229
2073,ssp585,Narrowbody,2943.655,2941.58548616544
2073,ssp585,Widebody,3349.43,3348.43472515782
2074,ssp126,Narrowbody,2932.825,2933.26246772492
2074,ssp126,Widebody,3342.33,3342.39747135691
2074,ssp245,Narrowbody,2935.89,2936.49100073202
2074,ssp245,Widebody,3343.65,3344.62420371852
2074,ssp370,Narrowbody,2940.555,2940.45027663987
2074,ssp370,Widebody,3347.25,3347.75341960543
2074,ssp585,Narrowbody,2939.715,2941.82824746205
2074,ssp585,Widebody,3347.785,3348.62255879325
2075,ssp126,Narrowbody,2929.965,2933.25529799214
2075,ssp126,Widebody,3340.495,3342.3929233592
2075,ssp245,Narrowbody,2935.995,2936.57997253271
2075,ssp245,Widebody,3344.465,3344.6848785357
2075,ssp370,Narrowbody,2940.07,2940.63760620364
2075,ssp370,Widebody,3347.5,3347.89736049562
2075,ssp585,Narrowbody,2943.415,2942.07921789286
2075,ssp585,Widebody,3350.345,3348.81560052383
2076,ssp126,Narrowbody,2933.345,2933.24856102615
2076,ssp126,Widebody,3342.83,3342.38915340959
2076,ssp245,Narrowbody,2940.28,2936.66606790028
2076,ssp245,Widebody,3346.395,3344.74464348227
2076,ssp370,Narrowbody,2940.965,2940.82584557068
2076,ssp370,Widebody,3347.88,3348.03997194534
2076,ssp585,Narrowbody,2940.045,2942.34094999901
2076,ssp585,Widebody,3347.725,3349.0148943482
2077,ssp126,Narrowbody,2931.375,2933.24196096637
2077,ssp126,Widebody,3341.185,3342.38582406075
2077,ssp245,Narrowbody,2937.715,2936.7487917358
2077,ssp245,Widebody,3345.745,3344.80336454195
2077,ssp370,Narrowbody,2939.47,2941.01541430768
2077,ssp370,Widebody,3348.035,3348.18077250706
2077,ssp585,Narrowbody,2939.64,2942.61599632165
2077,ssp585,Widebody,3346.845,3349.22148426501
2078,ssp126,Narrowbody,2931.625,2933.2352019522
2078,ssp126,Widebody,3341.02,3342.38259786535
2078,ssp245,Narrowbody,2936.64,2936.82764894031
2078,ssp245,Widebody,3345.16,3344.86090769847
2078,ssp370,Narrowbody,2941.505,2941.20673198129
2078,ssp370,Widebody,3348.635,3348.31928073324
2078,ssp585,Narrowbody,2941.72,2942.90690940194
2078,ssp585,Widebody,3349.31,3349.4364142729
2079,ssp126,Narrowbody,2933.71,2933.22798812307
2079,ssp126,Widebody,3342.825,3342.37913737606
2079,ssp245,Narrowbody,2935.56,2936.90214441488
2079,ssp245,Widebody,3344.345,3344.91713893554
2079,ssp370,Narrowbody,2942.89,2941.40021815819
2079,ssp370,Widebody,3349.575,3348.45501517637
2079,ssp585,Narrowbody,2944.045,2943.21624178102
2079,ssp585,Widebody,3350.205,3349.66072837052
2080,ssp126,Narrowbody,2930.945,2933.22019001967
2080,ssp126,Widebody,3340.205,3342.37565323891
2080,ssp245,Narrowbody,2936.825,2936.97318084716
2080,ssp245,Widebody,3344.91,3344.97225969646
2080,ssp370,Narrowbody,2939.71,2941.59483937213
2080,ssp370,Widebody,3347.87,3348.58885240178
2080,ssp585,Narrowbody,2944.4,2943.53820189093
2080,ssp585,Widebody,3349.91,3349.89201669443
2081,ssp126,Narrowbody,2933.505,2933.21202201433
2081,ssp126,Widebody,3342.465,3342.37266955557
2081,ssp245,Narrowbody,2937.35,2937.04195194888
2081,ssp245,Widebody,3344.87,3345.02656562493
2081,ssp370,Narrowbody,2941.37,2941.78932179985
2081,ssp370,Widebody,3348.89,3348.72194275332
2081,ssp585,Narrowbody,2944.435,2943.86566788934
2081,ssp585,Widebody,3350.965,3350.12734675134
2082,ssp126,Narrowbody,2934.385,2933.20370399395
2082,ssp126,Widebody,3343.345,3342.37031906221
2082,ssp245,Narrowbody,2936.695,2937.10839915721
2082,ssp245,Widebody,3345.275,3345.0800640053
2082,ssp370,Narrowbody,2941,2941.98372447258
2082,ssp370,Widebody,3347.635,3348.85421545125
2082,ssp585,Narrowbody,2943.42,2944.19919690585
2082,ssp585,Widebody,3349.425,3350.36697859514
2083,ssp126,Narrowbody,2930.45,2933.19545584537
2083,ssp126,Widebody,3341.465,3342.36873449499
2083,ssp245,Narrowbody,2934.64,2937.17246390932
2083,ssp245,Widebody,3344.2,3345.13276212193
2083,ssp370,Narrowbody,2940.965,2942.17810642148
2083,ssp370,Widebody,3347.56,3348.98559971582
2083,ssp585,Narrowbody,2944.535,2944.53934607006
2083,ssp585,Widebody,3350.585,3350.61117227968
2084,ssp126,Narrowbody,2932.8,2933.18749745549
2084,ssp126,Widebody,3341.375,3342.36804859006
2084,ssp245,Narrowbody,2935.725,2937.23408764234
2084,ssp245,Widebody,3344.31,3345.18466725914
2084,ssp370,Narrowbody,2942.955,2942.37252667777
2084,ssp370,Widebody,3349.29,3349.11602476727
2084,ssp585,Narrowbody,2943.995,2944.88667251155
2084,ssp585,Widebody,3350.83,3350.86018785882
2085,ssp126,Narrowbody,2934.375,2933.18004871117
2085,ssp126,Widebody,3342.805,3342.36839408359
2085,ssp245,Narrowbody,2939.435,2937.29321179346
2085,ssp245,Widebody,3346.5,3345.2357867013
2085,ssp370,Narrowbody,2941.505,2942.56704427263
2085,ssp370,Widebody,3348.79,3349.24541982587
2085,ssp585,Narrowbody,2944.6,2945.24173335993
2085,ssp585,Widebody,3351.165,3351.11428538645
2086,ssp126,Narrowbody,2934.495,2933.17332949929
2086,ssp126,Widebody,3343.115,3342.36990371174
2086,ssp245,Narrowbody,2936.69,2937.34977779983
2086,ssp245,Widebody,3344.62,3345.28612773274
2086,ssp370,Narrowbody,2943.19,2942.76171823726
2086,ssp370,Widebody,3349.585,3349.37371411185
2086,ssp585,Narrowbody,2941.68,2945.60508574479
2086,ssp585,Widebody,3348.585,3351.37372491643
2087,ssp126,Narrowbody,2932.915,2933.16755970672
2087,ssp126,Widebody,3342.095,3342.37271021068
2087,ssp245,Narrowbody,2939.86,2937.4037270986
2087,ssp245,Widebody,3347.205,3345.33569763783
2087,ssp370,Narrowbody,2941.97,2942.95660760286
2087,ssp370,Widebody,3349.085,3349.50083684547
2087,ssp585,Narrowbody,2946.775,2945.97728679573
2087,ssp585,Widebody,3353.045,3351.63876650262
2088,ssp126,Narrowbody,2932.675,2933.16295922033
2088,ssp126,Widebody,3342.46,3342.37694631656
2088,ssp245,Narrowbody,2937.095,2937.45500112695
2088,ssp245,Widebody,3344.73,3345.38450370089
2088,ssp370,Narrowbody,2944.255,2943.15177140062
2088,ssp370,Widebody,3349.665,3349.62671724698
2088,ssp585,Narrowbody,2944.96,2946.35889364234
2088,ssp585,Widebody,3351.16,3351.90967019889
2089,ssp126,Narrowbody,2934.165,2933.159747927
2089,ssp126,Widebody,3343.56,3342.38274476554
2089,ssp245,Narrowbody,2937.865,2937.50354132202
2089,ssp245,Widebody,3345.16,3345.43255320629
2089,ssp370,Narrowbody,2942.465,2943.34726866174
2089,ssp370,Widebody,3349.155,3349.75128453664
2089,ssp585,Narrowbody,2948.74,2946.75046341423
2089,ssp585,Widebody,3353.835,3352.18669605911
2090,ssp126,Narrowbody,2936.84,2933.1581457136
2090,ssp126,Widebody,3345.33,3342.39023829379
2090,ssp245,Narrowbody,2936.23,2937.54928912099
2090,ssp245,Widebody,3344.295,3345.47985343837
2090,ssp370,Narrowbody,2942.93,2943.5431584174
2090,ssp370,Widebody,3350.065,3349.87446793468
2090,ssp585,Narrowbody,2946.81,2947.15255324098
2090,ssp585,Widebody,3351.77,3352.47010413715
2091,ssp126,Narrowbody,2932.84,2933.15807916566
2091,ssp126,Widebody,3341.945,3342.39936148826
2091,ssp245,Narrowbody,2938.17,2937.59224909534
2091,ssp245,Widebody,3346.65,3345.52637781758
2091,ssp370,Narrowbody,2943.51,2943.7395692038
2091,ssp370,Widebody,3351.31,3349.99636564344
2091,ssp585,Narrowbody,2948.8,2947.56520886421
2091,ssp585,Widebody,3353.835,3352.7598624811
2092,ssp126,Narrowbody,2931.51,2933.1592707274
2092,ssp126,Widebody,3341.375,3342.40992655865
2092,ssp245,Narrowbody,2938.905,2937.6324817442
2092,ssp245,Widebody,3346.645,3345.57209475618
2092,ssp370,Narrowbody,2943.935,2943.9365607818
2092,ssp370,Widebody,3351.14,3350.11713338984
2092,ssp585,Narrowbody,2945.605,2947.9879353624
2092,ssp585,Widebody,3351.635,3353.05569056911
2093,ssp126,Narrowbody,2935.685,2933.16163407371
2093,ssp126,Widebody,3345.065,3342.42188267526
2093,ssp245,Narrowbody,2939.75,2937.67001239614
2093,ssp245,Widebody,3346.575,3345.61700402623
2093,ssp370,Narrowbody,2945.515,2944.1340890196
2093,ssp370,Widebody,3350.8,3350.23678668112
2093,ssp585,Narrowbody,2949.625,2948.42047887052
2093,ssp585,Widebody,3354.955,3353.35747560016
2094,ssp126,Narrowbody,2936.485,2933.16508287951
2094,ssp126,Widebody,3344.515,3342.43517900837
2094,ssp245,Narrowbody,2936.17,2937.70486637976
2094,ssp245,Widebody,3344.11,3345.66110539976
2094,ssp370,Narrowbody,2946.47,2944.3321097854
2094,ssp370,Widebody,3352.24,3350.35534102445
2094,ssp585,Narrowbody,2951.675,2948.86258552349
2094,ssp585,Widebody,3355.04,3353.66510477322
2095,ssp126,Narrowbody,2933.5,2933.16953081969
2095,ssp126,Widebody,3341.86,3342.44976472826
2095,ssp245,Narrowbody,2938.365,2937.73706902363
2095,ssp245,Widebody,3345.88,3345.70439864883
2095,ssp370,Narrowbody,2946.045,2944.53057894742
2095,ssp370,Widebody,3350.29,3350.47281192706
2095,ssp585,Narrowbody,2950.33,2949.31400145627
2095,ssp585,Widebody,3354.34,3353.97846528724
2096,ssp126,Narrowbody,2931.94,2933.17489156915
2096,ssp126,Widebody,3341.05,3342.46558900523
2096,ssp245,Narrowbody,2937.72,2937.76664565634
2096,ssp245,Widebody,3347.09,3345.74688354549
2096,ssp370,Narrowbody,2944.545,2944.72945237387
2096,ssp370,Widebody,3349.655,3350.58921489614
2096,ssp585,Narrowbody,2949.16,2949.7744728038
2096,ssp585,Widebody,3353.785,3354.29744434121
2097,ssp126,Narrowbody,2931.755,2933.18107880279
2097,ssp126,Widebody,3340.955,3342.48260100957
2097,ssp245,Narrowbody,2939.475,2937.79362160646
2097,ssp245,Widebody,3346.015,3345.78855986177
2097,ssp370,Narrowbody,2942.99,2944.92868593295
2097,ssp370,Widebody,3349.275,3350.70456543889
2097,ssp585,Narrowbody,2948.885,2950.24374570102
2097,ssp585,Widebody,3352.82,3354.62192913409
2098,ssp126,Narrowbody,2931.72,2933.18800619552
2098,ssp126,Widebody,3342.11,3342.50074991156
2098,ssp245,Narrowbody,2935.265,2937.81802220259
2098,ssp245,Widebody,3344.275,3345.82942736973
2098,ssp370,Narrowbody,2945.54,2945.12823549287
2098,ssp370,Widebody,3350.81,3350.81887906253
2098,ssp585,Narrowbody,2951.27,2950.72156628288
2098,ssp585,Widebody,3354.42,3354.95180686484
2099,ssp126,Narrowbody,2931.855,2933.19558742223
2099,ssp126,Widebody,3341.535,3342.51998488149
2099,ssp245,Narrowbody,2936.205,2937.8398727733
2099,ssp245,Widebody,3344.39,3345.86948584141
2099,ssp370,Narrowbody,2943.885,2945.32805692184
2099,ssp370,Widebody,3350.195,3350.93217127425
2099,ssp585,Narrowbody,2951.475,2951.20768068432
2099,ssp585,Widebody,3356.045,3355.28696473243
2100,ssp126,Narrowbody,2933.565,2933.20373615782
2100,ssp126,Widebody,3343.03,3342.54025508964
2100,ssp245,Narrowbody,2938.85,2937.85919864718
2100,ssp245,Widebody,3347.09,3345.90873504887
2100,ssp370,Narrowbody,2946.27,2945.52810608806
2100,ssp370,Widebody,3351.68,3351.04445758125
2100,ssp585,Narrowbody,2951.575,2951.70183504028
2100,ssp585,Widebody,3355.91,3355.62728993584
