zone,exp,year,avg_min_rho,loess_avg_min_rho
Frigid,ssp126,2015,0,-0.0117569375999822
Frigid,ssp126,2016,-0.00642999999999994,-0.0117485503222992
Frigid,ssp126,2017,-0.0195000000000003,-0.0117408422305683
Frigid,ssp126,2018,-0.0131049999999999,-0.011733503390934
Frigid,ssp126,2019,-0.02054,-0.011726223869541
Frigid,ssp126,2020,-0.0157050000000001,-0.011718693732534
Frigid,ssp126,2021,-0.00472500000000009,-0.0117106030460577
Frigid,ssp126,2022,-0.00234000000000023,-0.0117016418762566
Frigid,ssp126,2023,-0.01431,-0.0116915002892756
Frigid,ssp126,2024,-0.0213300000000001,-0.0116798683512591
Frigid,ssp126,2025,-0.0101650000000002,-0.0116664361283519
Frigid,ssp126,2026,-0.01498,-0.0116510102595111
Frigid,ssp126,2027,-0.0153300000000001,-0.0116339332088432
Frigid,ssp126,2028,-0.01267,-0.0116156987802164
Frigid,ssp126,2029,-0.0173300000000001,-0.011596800777499
Frigid,ssp126,2030,-0.0149300000000001,-0.0115777330045594
Frigid,ssp126,2031,-0.00143000000000004,-0.0115589892652659
Frigid,ssp126,2032,-0.0178850000000002,-0.0115410633634867
Frigid,ssp126,2033,-0.00650500000000021,-0.0115244491030903
Frigid,ssp126,2034,-0.01606,-0.0115096402879449
Frigid,ssp126,2035,-0.0098100000000001,-0.0114971307219189
Frigid,ssp126,2036,-0.0102850000000001,-0.0114874142088806
Frigid,ssp126,2037,-0.00297999999999998,-0.0114717767494152
Frigid,ssp126,2038,-0.00952000000000019,-0.0114435674361952
Frigid,ssp126,2039,-0.0207000000000002,-0.0114063747112204
Frigid,ssp126,2040,-0.0162950000000002,-0.0113637870164903
Frigid,ssp126,2041,-0.00514999999999999,-0.0113193927940043
Frigid,ssp126,2042,-0.0102800000000001,-0.0112767804857622
Frigid,ssp126,2043,-0.0051000000000001,-0.0112395385337634
Frigid,ssp126,2044,-0.0109750000000002,-0.0112112553800075
Frigid,ssp126,2045,-0.00575500000000018,-0.0111955194664941
Frigid,ssp126,2046,-0.018205,-0.0111959192352227
Frigid,ssp126,2047,-0.0058450000000001,-0.0112160431281929
Frigid,ssp126,2048,-0.00653499999999996,-0.0112628332453982
Frigid,ssp126,2049,-0.0173450000000002,-0.0113370986018682
Frigid,ssp126,2050,-0.0197800000000001,-0.011433228012157
Frigid,ssp126,2051,-0.00480999999999998,-0.0115456102908183
Frigid,ssp126,2052,-0.0188600000000001,-0.0116686342524063
Frigid,ssp126,2053,-0.0152049999999999,-0.0117966887114748
Frigid,ssp126,2054,-0.00699500000000008,-0.0119241624825778
Frigid,ssp126,2055,-0.0166750000000002,-0.0120454443802692
Frigid,ssp126,2056,-0.00423000000000018,-0.012154923219103
Frigid,ssp126,2057,-0.0196350000000001,-0.0122469878136332
Frigid,ssp126,2058,-0.00743000000000005,-0.0123263290190962
Frigid,ssp126,2059,-0.0099800000000001,-0.0124021626754466
Frigid,ssp126,2060,-0.02129,-0.0124756650743152
Frigid,ssp126,2061,-0.00872000000000006,-0.0125480125073327
Frigid,ssp126,2062,-0.00377000000000005,-0.0126203812661298
Frigid,ssp126,2063,-0.0164550000000001,-0.0126939476423375
Frigid,ssp126,2064,-0.0154400000000001,-0.0127698879275864
Frigid,ssp126,2065,-0.0154200000000002,-0.0128493784135073
Frigid,ssp126,2066,-0.0113150000000002,-0.0129335953917311
Frigid,ssp126,2067,-0.0221750000000001,-0.0130237151538884
Frigid,ssp126,2068,-0.00364999999999993,-0.0131209139916102
Frigid,ssp126,2069,-0.0151100000000002,-0.0132286085695256
Frigid,ssp126,2070,-0.0079800000000001,-0.0133473704183363
Frigid,ssp126,2071,-0.0148300000000001,-0.0134741081287817
Frigid,ssp126,2072,-0.0106300000000001,-0.0136057302916009
Frigid,ssp126,2073,-0.0218250000000002,-0.0137391454975333
Frigid,ssp126,2074,-0.00902000000000003,-0.0138712623373181
Frigid,ssp126,2075,-0.0112850000000002,-0.0139989894016945
Frigid,ssp126,2076,-0.0109600000000001,-0.0141192352814018
Frigid,ssp126,2077,-0.0235050000000001,-0.0142289085671793
Frigid,ssp126,2078,-0.0120850000000001,-0.0143249178497662
Frigid,ssp126,2079,-0.0141100000000001,-0.0144041717199018
Frigid,ssp126,2080,-0.00356500000000004,-0.0144732806879428
Frigid,ssp126,2081,-0.0188800000000002,-0.0145406292948895
Frigid,ssp126,2082,-0.0146200000000001,-0.0146057871774463
Frigid,ssp126,2083,-0.01511,-0.014668323972318
Frigid,ssp126,2084,-0.0233650000000001,-0.014727809316209
Frigid,ssp126,2085,-0.0193400000000001,-0.0147838128458241
Frigid,ssp126,2086,-0.0122100000000001,-0.0148359041978677
Frigid,ssp126,2087,-0.0147200000000001,-0.0148836530090444
Frigid,ssp126,2088,-0.0152550000000002,-0.0149266289160589
Frigid,ssp126,2089,-0.0248349999999999,-0.0149644015556156
Frigid,ssp126,2090,-0.010955,-0.0149965405644193
Frigid,ssp126,2091,-0.01322,-0.015022670886543
Frigid,ssp126,2092,-0.0157600000000002,-0.0150428663836239
Frigid,ssp126,2093,-0.00928500000000021,-0.015057370068713
Frigid,ssp126,2094,-0.0168200000000001,-0.0150664249548611
Frigid,ssp126,2095,-0.0242800000000001,-0.0150702740551193
Frigid,ssp126,2096,-0.0105400000000002,-0.0150691603825383
Frigid,ssp126,2097,-0.00585000000000013,-0.0150633269501692
Frigid,ssp126,2098,-0.0128699999999999,-0.0150530167710629
Frigid,ssp126,2099,-0.0221750000000001,-0.0150384728582702
Frigid,ssp126,2100,-0.0131100000000002,-0.015019938224842
Frigid,ssp245,2015,0,-0.000420198621329907
Frigid,ssp245,2016,0.00486500000000012,-0.000331784231861335
Frigid,ssp245,2017,-0.00249499999999991,-0.000251064150341248
Frigid,ssp245,2018,-0.000334999999999974,-0.000177994857775729
Frigid,ssp245,2019,-0.00384499999999988,-0.000112532835170862
Frigid,ssp245,2020,-0.00141999999999998,-5.46345635327294e-05
Frigid,ssp245,2021,0.00218999999999991,-4.25652386741431e-06
Frigid,ssp245,2022,-0.00307500000000016,3.86448028190002e-05
Frigid,ssp245,2023,0.00608000000000009,7.41129355204309e-05
Frigid,ssp245,2024,-0.00356000000000001,0.000102191393230795
Frigid,ssp245,2025,0.000590000000000091,0.000122923694944009
Frigid,ssp245,2026,-0.00110999999999994,0.000136431932105786
Frigid,ssp245,2027,-0.00131499999999996,0.000142750263434502
Frigid,ssp245,2028,-0.000559999999999894,0.000141790308833064
Frigid,ssp245,2029,-0.00133499999999986,0.00013346368820438
Frigid,ssp245,2030,0.00900000000000012,0.000117682021451358
Frigid,ssp245,2031,-0.00608000000000009,9.43569284769051e-05
Frigid,ssp245,2032,-0.00106499999999987,6.340002918393e-05
Frigid,ssp245,2033,0.001525,2.47229434753404e-05
Frigid,ssp245,2034,-0.00544999999999996,-2.1762708745956e-05
Frigid,ssp245,2035,0.00789499999999999,-7.6145307577051e-05
Frigid,ssp245,2036,-0.00586500000000001,-0.000138513233115037
Frigid,ssp245,2037,-0.000234999999999985,-0.000207381118726148
Frigid,ssp245,2038,0.00991500000000012,-0.000281638952401061
Frigid,ssp245,2039,0.00290499999999994,-0.000361938146173528
Frigid,ssp245,2040,-0.00405499999999992,-0.000448930112077303
Frigid,ssp245,2041,-0.00101499999999999,-0.000543266262146141
Frigid,ssp245,2042,-0.0102499999999999,-0.000645598008413796
Frigid,ssp245,2043,-0.000375000000000014,-0.000756576762914021
Frigid,ssp245,2044,-0.000699999999999923,-0.000876853937680571
Frigid,ssp245,2045,0.00888500000000003,-0.0010070809447472
Frigid,ssp245,2046,0.000520000000000076,-0.00114790919614766
Frigid,ssp245,2047,-0.00884499999999999,-0.0012999901039157
Frigid,ssp245,2048,-0.00597999999999987,-0.00147923715518596
Frigid,ssp245,2049,0.00192999999999999,-0.00169535050604512
Frigid,ssp245,2050,0.0058149999999999,-0.00193966157195499
Frigid,ssp245,2051,-0.00400999999999985,-0.00220350176837742
Frigid,ssp245,2052,-0.00892499999999985,-0.00247820251077423
Frigid,ssp245,2053,-0.00846999999999998,-0.00275509521460725
Frigid,ssp245,2054,0.000829999999999886,-0.00302551129533831
Frigid,ssp245,2055,-0.000930000000000097,-0.00328078216842924
Frigid,ssp245,2056,-0.00341499999999995,-0.00351223924934187
Frigid,ssp245,2057,-0.00990000000000002,-0.00371121395353803
Frigid,ssp245,2058,0.00475500000000007,-0.00388434207709653
Frigid,ssp245,2059,-0.00428500000000009,-0.00404574280794799
Frigid,ssp245,2060,0.00339500000000004,-0.00419797264933199
Frigid,ssp245,2061,-0.011725,-0.00434358810448807
Frigid,ssp245,2062,-0.00127499999999992,-0.0044851456766558
Frigid,ssp245,2063,0.00741999999999998,-0.00462520186907473
Frigid,ssp245,2064,-0.00992499999999996,-0.00476631318498442
Frigid,ssp245,2065,-0.016705,-0.00491103612762442
Frigid,ssp245,2066,-0.00461,-0.0050619272002343
Frigid,ssp245,2067,-0.0150349999999999,-0.0052215429060536
Frigid,ssp245,2068,0.000394999999999923,-0.0053924397483219
Frigid,ssp245,2069,-0.000359999999999916,-0.005581390904977
Frigid,ssp245,2070,-0.00878000000000001,-0.00578959094835641
Frigid,ssp245,2071,-0.0124850000000001,-0.00601122847329921
Frigid,ssp245,2072,-0.0145549999999999,-0.00624049207464452
Frigid,ssp245,2073,-0.0114799999999999,-0.00647157034723142
Frigid,ssp245,2074,-0.00625999999999993,-0.00669865188589901
Frigid,ssp245,2075,0.0172099999999999,-0.00691592528548639
Frigid,ssp245,2076,-0.00418000000000007,-0.00711757914083265
Frigid,ssp245,2077,-0.00895999999999986,-0.00729780204677689
Frigid,ssp245,2078,-0.0137449999999999,-0.00745078259815821
Frigid,ssp245,2079,0.00190500000000005,-0.0075707093898157
Frigid,ssp245,2080,-0.00448000000000004,-0.00766837328452321
Frigid,ssp245,2081,-0.00926999999999989,-0.00775817812628609
Frigid,ssp245,2082,-0.0183500000000001,-0.00783973198179066
Frigid,ssp245,2083,-0.00269499999999989,-0.00791264291772323
Frigid,ssp245,2084,-0.00594499999999987,-0.00797651900077014
Frigid,ssp245,2085,-0.00447999999999982,-0.00803096829761772
Frigid,ssp245,2086,-0.00682000000000005,-0.00807559887495227
Frigid,ssp245,2087,-0.00258000000000003,-0.00811001879946013
Frigid,ssp245,2088,-0.0227449999999998,-0.00813383613782763
Frigid,ssp245,2089,-0.0157399999999999,-0.00814665895674108
Frigid,ssp245,2090,-0.0145500000000001,-0.00814809532288681
Frigid,ssp245,2091,-0.0122449999999998,-0.00813788728219695
Frigid,ssp245,2092,-0.0119800000000001,-0.00811617453451213
Frigid,ssp245,2093,-0.00771000000000011,-0.0080831616273814
Frigid,ssp245,2094,-0.0123899999999999,-0.00803905310835384
Frigid,ssp245,2095,-0.0027600000000001,-0.00798405352497849
Frigid,ssp245,2096,0.00533000000000006,-0.00791836742480443
Frigid,ssp245,2097,-0.00839999999999996,-0.00784219935538071
Frigid,ssp245,2098,-0.00744000000000011,-0.00775575386425639
Frigid,ssp245,2099,-0.01023,-0.00765923549898055
Frigid,ssp245,2100,-0.00441500000000006,-0.00755284880710223
Frigid,ssp370,2015,0,0.00264782918638916
Frigid,ssp370,2016,0.00372499999999998,0.00221715840682002
Frigid,ssp370,2017,-0.00143500000000008,0.00179560536644568
Frigid,ssp370,2018,0.00974999999999993,0.00138326174080002
Frigid,ssp370,2019,-0.01427,0.000980219205416877
Frigid,ssp370,2020,0.00126500000000007,0.000586569435830133
Frigid,ssp370,2021,0.00114499999999995,0.000202404107573646
Frigid,ssp370,2022,-0.00422499999999992,-0.000172185103818722
Frigid,ssp370,2023,-0.000105000000000022,-0.000537106522813108
Frigid,ssp370,2024,0.00936000000000003,-0.000892268473875648
Frigid,ssp370,2025,0.00637500000000002,-0.00123757928147248
Frigid,ssp370,2026,0.00144499999999992,-0.00157238692105254
Frigid,ssp370,2027,0.00348999999999999,-0.00189631476245026
Frigid,ssp370,2028,0.000709999999999988,-0.00220968422171005
Frigid,ssp370,2029,-0.00546000000000002,-0.00251281671487629
Frigid,ssp370,2030,-0.00688,-0.0028060336579934
Frigid,ssp370,2031,-0.00198000000000009,-0.00308965646710577
Frigid,ssp370,2032,0.00123000000000006,-0.00336400655825779
Frigid,ssp370,2033,-0.00517000000000012,-0.00362940534749386
Frigid,ssp370,2034,-0.00749500000000003,-0.00388617425085838
Frigid,ssp370,2035,-0.00982499999999997,-0.00413463468439575
Frigid,ssp370,2036,-0.01017,-0.00437510806415037
Frigid,ssp370,2037,-0.00595999999999997,-0.00460896776493913
Frigid,ssp370,2038,-0.00313499999999989,-0.00483682256204867
Frigid,ssp370,2039,-0.00697499999999995,-0.00505784697222801
Frigid,ssp370,2040,-0.00167000000000006,-0.00527121551222616
Frigid,ssp370,2041,-0.00183,-0.00547610269879212
Frigid,ssp370,2042,-0.00867500000000021,-0.00567168304867492
Frigid,ssp370,2043,-0.0170949999999999,-0.00585713107862355
Frigid,ssp370,2044,-0.00848499999999985,-0.00603162130538704
Frigid,ssp370,2045,0.00130000000000008,-0.00619432824571439
Frigid,ssp370,2046,-0.0143249999999999,-0.00634442641635461
Frigid,ssp370,2047,0.00110999999999994,-0.00648109033405672
Frigid,ssp370,2048,-0.00213999999999981,-0.00656913532440521
Frigid,ssp370,2049,-0.0078100000000001,-0.00658613412079479
Frigid,ssp370,2050,-0.00497999999999998,-0.00655039735168981
Frigid,ssp370,2051,-0.014845,-0.00648023564555461
Frigid,ssp370,2052,-0.00158000000000014,-0.00639395963085353
Frigid,ssp370,2053,0.000725000000000087,-0.00630987993605093
Frigid,ssp370,2054,-0.00180999999999987,-0.00624630718961114
Frigid,ssp370,2055,-0.00655000000000006,-0.00622155201999851
Frigid,ssp370,2056,-0.0107900000000001,-0.00625392505567738
Frigid,ssp370,2057,-0.00106500000000009,-0.00636173692511209
Frigid,ssp370,2058,-0.0119549999999999,-0.00654468165416022
Frigid,ssp370,2059,-0.011525,-0.00678251155914335
Frigid,ssp370,2060,-0.00878000000000001,-0.00706362470422189
Frigid,ssp370,2061,-0.022475,-0.0073764191535562
Frigid,ssp370,2062,0.000725000000000087,-0.00770929297130669
Frigid,ssp370,2063,0.00428999999999991,-0.00805064422163374
Frigid,ssp370,2064,-0.00724999999999998,-0.00838887096869774
Frigid,ssp370,2065,-0.00744499999999992,-0.00871237127665908
Frigid,ssp370,2066,-0.00868000000000002,-0.00900954320967814
Frigid,ssp370,2067,-0.00668500000000005,-0.00926878483191531
Frigid,ssp370,2068,0.00151999999999997,-0.00947849420753098
Frigid,ssp370,2069,-0.01308,-0.00965293935703282
Frigid,ssp370,2070,0.001085,-0.00981522143123343
Frigid,ssp370,2071,-0.0199549999999999,-0.0099669881897506
Frigid,ssp370,2072,-0.0119899999999999,-0.0101098873922021
Frigid,ssp370,2073,-0.0117150000000001,-0.0102455667982057
Frigid,ssp370,2074,-0.02033,-0.0103756741673793
Frigid,ssp370,2075,-0.01616,-0.0105018572593405
Frigid,ssp370,2076,-0.00873500000000016,-0.0106257638337072
Frigid,ssp370,2077,-0.0125550000000001,-0.0107490416500971
Frigid,ssp370,2078,-0.00452999999999992,-0.0108733384681281
Frigid,ssp370,2079,-0.02281,-0.0110003020474179
Frigid,ssp370,2080,-0.0196649999999998,-0.0111282687986501
Frigid,ssp370,2081,-0.00600000000000001,-0.0112542037498097
Frigid,ssp370,2082,-0.0183249999999999,-0.0113776975864667
Frigid,ssp370,2083,-0.011565,-0.0114983409941912
Frigid,ssp370,2084,-0.0139550000000002,-0.0116157246585533
Frigid,ssp370,2085,-0.00823499999999999,-0.0117294392651229
Frigid,ssp370,2086,0.00137000000000009,-0.0118390754994701
Frigid,ssp370,2087,-0.00366,-0.011944224047165
Frigid,ssp370,2088,-0.0143,-0.0120444755937775
Frigid,ssp370,2089,-0.00967000000000007,-0.0121394208248778
Frigid,ssp370,2090,-0.0129700000000001,-0.0122286504260359
Frigid,ssp370,2091,-0.016275,-0.012312713413954
Frigid,ssp370,2092,-0.00642500000000013,-0.0123924901243298
Frigid,ssp370,2093,-0.00709500000000007,-0.012468068221226
Frigid,ssp370,2094,-0.010805,-0.0125395353687055
Frigid,ssp370,2095,-0.01172,-0.0126069792308311
Frigid,ssp370,2096,-0.01719,-0.0126704874716656
Frigid,ssp370,2097,-0.0101199999999999,-0.0127301477552717
Frigid,ssp370,2098,-0.0191949999999999,-0.0127860477457124
Frigid,ssp370,2099,-0.01186,-0.0128382751070503
Frigid,ssp370,2100,-0.0171999999999999,-0.0128869175033484
Frigid,ssp585,2015,0,0.00739369681597823
Frigid,ssp585,2016,0.00995499999999994,0.00742920059016893
Frigid,ssp585,2017,0.0103249999999999,0.00745624247740754
Frigid,ssp585,2018,0.0148300000000001,0.00747484622949576
Frigid,ssp585,2019,0.00741499999999995,0.0074850355982353
Frigid,ssp585,2020,-0.00305500000000003,0.00748683433542785
Frigid,ssp585,2021,0.01189,0.00748026619287511
Frigid,ssp585,2022,0.00583000000000022,0.0074653549223788
Frigid,ssp585,2023,0.01576,0.00744212427574059
Frigid,ssp585,2024,0.000974999999999948,0.00741059800476221
Frigid,ssp585,2025,0.014845,0.00737079986124534
Frigid,ssp585,2026,0.00564999999999993,0.0073227703199137
Frigid,ssp585,2027,0.00222499999999992,0.00726648115863122
Frigid,ssp585,2028,0.0151399999999999,0.00720185308390999
Frigid,ssp585,2029,0.00913000000000008,0.00712880680226205
Frigid,ssp585,2030,-0.00387500000000007,0.00704726302019948
Frigid,ssp585,2031,0.00197999999999987,0.00695714244423434
Frigid,ssp585,2032,0.0113700000000001,0.00685836578087869
Frigid,ssp585,2033,0.00614000000000003,0.00675085373664459
Frigid,ssp585,2034,0.00572499999999998,0.0066345270180441
Frigid,ssp585,2035,-0.00513000000000008,0.00650930633158931
Frigid,ssp585,2036,0.018375,0.00637511238379225
Frigid,ssp585,2037,0.00190500000000005,0.00623731408065186
Frigid,ssp585,2038,0.00772499999999998,0.00609999805215725
Frigid,ssp585,2039,0.00754999999999995,0.00596116159080578
Frigid,ssp585,2040,0.0134100000000001,0.00581880198909483
Frigid,ssp585,2041,0.00182499999999997,0.00567091653952177
Frigid,ssp585,2042,0.0132749999999999,0.00551550253458394
Frigid,ssp585,2043,0.00331000000000015,0.00535055726677874
Frigid,ssp585,2044,0.00539499999999982,0.00517407802860352
Frigid,ssp585,2045,0.00402500000000017,0.00498406211255565
Frigid,ssp585,2046,0.00799000000000016,0.0047785068111325
Frigid,ssp585,2047,-0.00245999999999991,0.00455540941683143
Frigid,ssp585,2048,0.00576500000000002,0.00430462443381723
Frigid,ssp585,2049,-0.00529000000000002,0.00402131169527998
Frigid,ssp585,2050,0.000114999999999865,0.00371142648725499
Frigid,ssp585,2051,0.0015750000000001,0.00338092409577757
Frigid,ssp585,2052,0.00494000000000017,0.00303575980688304
Frigid,ssp585,2053,0.00175999999999998,0.00268188890660672
Frigid,ssp585,2054,0.006915,0.0023252666809839
Frigid,ssp585,2055,0.0105950000000001,0.00197184841604991
Frigid,ssp585,2056,-0.00388500000000014,0.00162758939784006
Frigid,ssp585,2057,-0.00501499999999999,0.00129844491238966
Frigid,ssp585,2058,-0.000600000000000156,0.000963541340390666
Frigid,ssp585,2059,0.01637,0.000602491090304209
Frigid,ssp585,2060,0.00354500000000013,0.00022197848981938
Frigid,ssp585,2061,0.00404000000000004,-0.000171312133374732
Frigid,ssp585,2062,-0.00322500000000003,-0.000570696451589038
Frigid,ssp585,2063,0.000825000000000076,-0.00096949013713445
Frigid,ssp585,2064,-0.00649000000000011,-0.00136100886232188
Frigid,ssp585,2065,-0.00160500000000008,-0.00173856829946223
Frigid,ssp585,2066,0.00228499999999987,-0.00209548412086642
Frigid,ssp585,2067,-0.000145000000000062,-0.00242507199884537
Frigid,ssp585,2068,-0.01285,-0.00272064760570997
Frigid,ssp585,2069,-0.00560000000000005,-0.00298216229805902
Frigid,ssp585,2070,-0.00393500000000002,-0.00321800477507664
Frigid,ssp585,2071,-0.0109000000000001,-0.0034341467229517
Frigid,ssp585,2072,-0.00564500000000012,-0.00363655982787311
Frigid,ssp585,2073,-0.00934499999999994,-0.00383121577602975
Frigid,ssp585,2074,-9.9999999999989e-05,-0.0040240862536105
Frigid,ssp585,2075,-0.00685000000000002,-0.00422114294680426
Frigid,ssp585,2076,0.00566,-0.00442835754179993
Frigid,ssp585,2077,-0.00528000000000017,-0.00465170172478637
Frigid,ssp585,2078,-0.0141099999999998,-0.0048971471819525
Frigid,ssp585,2079,-0.00575999999999999,-0.00517066559948718
Frigid,ssp585,2080,0.00650000000000017,-0.00546035490746723
Frigid,ssp585,2081,-0.00280999999999998,-0.0057509045818263
Frigid,ssp585,2082,-0.00987500000000008,-0.00604317362753856
Frigid,ssp585,2083,-0.0167599999999999,-0.00633802104957816
Frigid,ssp585,2084,-0.00595999999999997,-0.00663630585291928
Frigid,ssp585,2085,-0.0110699999999999,-0.00693888704253608
Frigid,ssp585,2086,0.00753000000000004,-0.00724662362340273
Frigid,ssp585,2087,-0.00309000000000004,-0.0075603746004934
Frigid,ssp585,2088,-0.00161499999999992,-0.00788099897878225
Frigid,ssp585,2089,-0.00583999999999985,-0.00820935576324345
Frigid,ssp585,2090,-0.00858000000000003,-0.00854630395885116
Frigid,ssp585,2091,-0.017755,-0.0088925662344163
Frigid,ssp585,2092,0.00605999999999995,-0.00924795047757459
Frigid,ssp585,2093,-0.00847500000000001,-0.00961194352153742
Frigid,ssp585,2094,-0.0157149999999999,-0.0099840321995162
Frigid,ssp585,2095,-0.00932499999999981,-0.0103637033447223
Frigid,ssp585,2096,-0.00975000000000015,-0.0107504437903672
Frigid,ssp585,2097,-0.00481500000000001,-0.0111437403696621
Frigid,ssp585,2098,-0.0175349999999999,-0.0115430799158186
Frigid,ssp585,2099,-0.0149299999999999,-0.0119479492620481
Frigid,ssp585,2100,-0.0192949999999998,-0.0123578352415618
Subtropical,ssp126,2015,0,-0.00180816088055904
Subtropical,ssp126,2016,-0.0030430471698113,-0.0018971093232756
Subtropical,ssp126,2017,-0.00208421698113215,-0.00198368926483963
Subtropical,ssp126,2018,-0.00231716037735841,-0.00206792340559978
Subtropical,ssp126,2019,-0.00256120754716971,-0.00214983444590471
Subtropical,ssp126,2020,-0.00274438679245281,-0.00222944508610308
Subtropical,ssp126,2021,-0.0019358962264151,-0.00230677802654355
Subtropical,ssp126,2022,-0.00350002830188667,-0.00238185596757477
Subtropical,ssp126,2023,-0.00274530188679245,-0.0024547016095454
Subtropical,ssp126,2024,-0.00337640566037734,-0.00252533765280409
Subtropical,ssp126,2025,-0.00098398113207554,-0.00259378679769952
Subtropical,ssp126,2026,-0.00126979245283021,-0.0026599753111819
Subtropical,ssp126,2027,-0.002420679245283,-0.00272379646109026
Subtropical,ssp126,2028,-0.00380186792452819,-0.00278522344910642
Subtropical,ssp126,2029,-0.00436396226415092,-0.00284422947691222
Subtropical,ssp126,2030,-0.00308243396226415,-0.0029007877461895
Subtropical,ssp126,2031,-0.00260023584905666,-0.00295487145862009
Subtropical,ssp126,2032,-0.00255347169811326,-0.00300645381588581
Subtropical,ssp126,2033,-0.00360155660377348,-0.00305550801966852
Subtropical,ssp126,2034,-0.000954971698113205,-0.00310200727165003
Subtropical,ssp126,2035,-0.00284104716981126,-0.00314592477351219
Subtropical,ssp126,2036,-0.00111904716981126,-0.00318723372693682
Subtropical,ssp126,2037,-0.00224194339622641,-0.00322582887301323
Subtropical,ssp126,2038,-0.00392083018867928,-0.00326170875180819
Subtropical,ssp126,2039,-0.00355898113207553,-0.00329500226346977
Subtropical,ssp126,2040,-0.00385752830188668,-0.00332583830814603
Subtropical,ssp126,2041,-0.00318477358490554,-0.00335434578598503
Subtropical,ssp126,2042,-0.00456624528301886,-0.00338065359713482
Subtropical,ssp126,2043,-0.00373945283018862,-0.00340489064174347
Subtropical,ssp126,2044,-0.00380621698113215,-0.00342718581995904
Subtropical,ssp126,2045,-0.00410731132075459,-0.00344766803192959
Subtropical,ssp126,2046,-0.00473050943396225,-0.00346646617780318
Subtropical,ssp126,2047,-0.00375942452830191,-0.00348370915772787
Subtropical,ssp126,2048,-0.00372461320754725,-0.0034957160207113
Subtropical,ssp126,2049,-0.00263389622641497,-0.00349990821774992
Subtropical,ssp126,2050,-0.00355714150943398,-0.00349806825197494
Subtropical,ssp126,2051,-0.0027709905660378,-0.00349197862651761
Subtropical,ssp126,2052,-0.00501343396226406,-0.00348342184450917
Subtropical,ssp126,2053,-0.00210684905660385,-0.00347418040908083
Subtropical,ssp126,2054,-0.00359585849056598,-0.00346603682336384
Subtropical,ssp126,2055,-0.00507815094339614,-0.00346077359048944
Subtropical,ssp126,2056,-0.00518147169811312,-0.00346017321358885
Subtropical,ssp126,2057,-0.00214552830188675,-0.0034660181957933
Subtropical,ssp126,2058,-0.00154933962264159,-0.00347582891420063
Subtropical,ssp126,2059,-0.00266836792452829,-0.00348584991754975
Subtropical,ssp126,2060,-0.00380820754716971,-0.00349594996643354
Subtropical,ssp126,2061,-0.00342599056603765,-0.00350599782144486
Subtropical,ssp126,2062,-0.00145942452830194,-0.00351586224317659
Subtropical,ssp126,2063,-0.00334863207547165,-0.0035254119922216
Subtropical,ssp126,2064,-0.00320358490566042,-0.00353451582917276
Subtropical,ssp126,2065,-0.00370139622641497,-0.00354304251462293
Subtropical,ssp126,2066,-0.0029582452830188,-0.00355086080916501
Subtropical,ssp126,2067,-0.00340283018867926,-0.00355783947339185
Subtropical,ssp126,2068,-0.00456938679245278,-0.00356384726789632
Subtropical,ssp126,2069,-0.00301996226415091,-0.00357124498764083
Subtropical,ssp126,2070,-0.00406759433962267,-0.00358175037796562
Subtropical,ssp126,2071,-0.00375605660377354,-0.00359426762503036
Subtropical,ssp126,2072,-0.00399722641509426,-0.00360770091499473
Subtropical,ssp126,2073,-0.00479505660377355,-0.0036209544340184
Subtropical,ssp126,2074,-0.0029801981132076,-0.00363293236826103
Subtropical,ssp126,2075,-0.00460775471698116,-0.0036425389038823
Subtropical,ssp126,2076,-0.00461559433962266,-0.00364867822704187
Subtropical,ssp126,2077,-0.00511698113207548,-0.00365025452389943
Subtropical,ssp126,2078,-0.00316331132075476,-0.00364617198061463
Subtropical,ssp126,2079,-0.00439179245283028,-0.00363533478334715
Subtropical,ssp126,2080,-0.00219294339622644,-0.00362018037638817
Subtropical,ssp126,2081,-0.00357618867924536,-0.00360368674754072
Subtropical,ssp126,2082,-0.00376917924528297,-0.00358556889823227
Subtropical,ssp126,2083,-0.00234943396226406,-0.00356554182989027
Subtropical,ssp126,2084,-0.00498586792452826,-0.00354332054394218
Subtropical,ssp126,2085,-0.00378448113207552,-0.00351862004181547
Subtropical,ssp126,2086,-0.00266677358490552,-0.00349115532493758
Subtropical,ssp126,2087,-0.00374649056603782,-0.00346064139473598
Subtropical,ssp126,2088,-0.00255675471698114,-0.00342679325263813
Subtropical,ssp126,2089,-0.00455051886792446,-0.00338932590007148
Subtropical,ssp126,2090,-0.00287800943396221,-0.00334795433846349
Subtropical,ssp126,2091,-0.00335411320754719,-0.0033027815471867
Subtropical,ssp126,2092,-0.00184327358490566,-0.00325417628251806
Subtropical,ssp126,2093,-0.00184497169811326,-0.00320225221124165
Subtropical,ssp126,2094,-0.00485719811320751,-0.00314712300014154
Subtropical,ssp126,2095,-0.00637197169811321,-0.00308890231600183
Subtropical,ssp126,2096,-0.00306124528301877,-0.00302770382560659
Subtropical,ssp126,2097,-0.00110287735849046,-0.00296364119573991
Subtropical,ssp126,2098,-0.00281970754716987,-0.00289682809318586
Subtropical,ssp126,2099,-0.00225082075471694,-0.00282737818472852
Subtropical,ssp126,2100,-0.00286916037735852,-0.00275540513715199
Subtropical,ssp245,2015,0,-0.00146937215737593
Subtropical,ssp245,2016,-0.000870632075471667,-0.0015709761299261
Subtropical,ssp245,2017,0.000787481132075385,-0.00167164019957224
Subtropical,ssp245,2018,-0.00206848113207547,-0.00177128056901123
Subtropical,ssp245,2019,-0.0043905283018868,-0.00186981344093997
Subtropical,ssp245,2020,-0.00226266037735856,-0.00196715501805535
Subtropical,ssp245,2021,-0.00269905660377368,-0.00206322150305425
Subtropical,ssp245,2022,-0.00372255660377374,-0.00215792909863357
Subtropical,ssp245,2023,-0.00380231132075481,-0.0022511940074902
Subtropical,ssp245,2024,-0.00247436792452826,-0.00234293243232102
Subtropical,ssp245,2025,-0.00301663207547165,-0.00243306057582294
Subtropical,ssp245,2026,-0.00199857547169824,-0.00252139480937526
Subtropical,ssp245,2027,-0.000725141509434035,-0.00260792330018837
Subtropical,ssp245,2028,-0.00275336792452841,-0.00269281994470574
Subtropical,ssp245,2029,-0.00454905660377358,-0.00277625863937083
Subtropical,ssp245,2030,-0.00247823584905671,-0.00285841328062711
Subtropical,ssp245,2031,-0.00112700943396238,-0.00293945776491806
Subtropical,ssp245,2032,-0.0034577452830189,-0.00301956598868714
Subtropical,ssp245,2033,-0.00301164150943412,-0.00309891184837782
Subtropical,ssp245,2034,-0.00393732075471709,-0.00317766924043357
Subtropical,ssp245,2035,-0.0036841698113208,-0.00325601206129786
Subtropical,ssp245,2036,-0.00251599056603768,-0.00333411420741416
Subtropical,ssp245,2037,-0.00378616037735857,-0.00340989169872712
Subtropical,ssp245,2038,-0.00468824528301903,-0.00348171643074552
Subtropical,ssp245,2039,-0.00229941509433962,-0.00355044611325898
Subtropical,ssp245,2040,-0.00462846226415103,-0.00361693845605714
Subtropical,ssp245,2041,-0.00253910377358491,-0.00368205116892961
Subtropical,ssp245,2042,-0.00421651886792462,-0.00374664196166603
Subtropical,ssp245,2043,-0.00374337735849073,-0.00381156854405602
Subtropical,ssp245,2044,-0.00272242452830196,-0.00387768862588922
Subtropical,ssp245,2045,-0.00286560377358502,-0.00394585991695525
Subtropical,ssp245,2046,-0.00496466037735854,-0.00401694012704375
Subtropical,ssp245,2047,-0.00398612264150944,-0.00409178696594433
Subtropical,ssp245,2048,-0.0045411320754718,-0.00417122089875634
Subtropical,ssp245,2049,-0.00338750943396238,-0.00425480407774264
Subtropical,ssp245,2050,-0.00420925471698119,-0.00434150674343808
Subtropical,ssp245,2051,-0.00695883962264166,-0.00443029913637756
Subtropical,ssp245,2052,-0.0045621415094339,-0.00452015149709596
Subtropical,ssp245,2053,-0.00472216037735862,-0.00461003406612816
Subtropical,ssp245,2054,-0.00577959433962261,-0.00469891708400902
Subtropical,ssp245,2055,-0.0038144056603775,-0.00478577079127345
Subtropical,ssp245,2056,-0.00269647169811327,-0.00486956542845631
Subtropical,ssp245,2057,-0.00374602830188686,-0.00494927123609249
Subtropical,ssp245,2058,-0.00550069811320753,-0.00502736165214684
Subtropical,ssp245,2059,-0.00638702830188676,-0.00510668945742784
Subtropical,ssp245,2060,-0.00491766981132091,-0.00518679390673578
Subtropical,ssp245,2061,-0.0056636792452831,-0.00526721425487095
Subtropical,ssp245,2062,-0.00428570754716984,-0.00534748975663364
Subtropical,ssp245,2063,-0.00600873584905659,-0.00542715966682414
Subtropical,ssp245,2064,-0.00526311320754713,-0.00550576324024274
Subtropical,ssp245,2065,-0.00709867924528318,-0.00558283973168973
Subtropical,ssp245,2066,-0.00715487735849063,-0.0056579283959654
Subtropical,ssp245,2067,-0.00506905660377366,-0.00573056848787005
Subtropical,ssp245,2068,-0.00442479245283023,-0.00580029926220395
Subtropical,ssp245,2069,-0.00512676415094338,-0.00587028346851638
Subtropical,ssp245,2070,-0.00674379245283019,-0.00594307868250642
Subtropical,ssp245,2071,-0.00579361320754712,-0.00601731639819916
Subtropical,ssp245,2072,-0.00490257547169826,-0.00609162810961966
Subtropical,ssp245,2073,-0.0074548018867926,-0.00616464531079302
Subtropical,ssp245,2074,-0.00584480188679248,-0.00623499949574429
Subtropical,ssp245,2075,-0.0069931320754717,-0.00630132215849856
Subtropical,ssp245,2076,-0.00714792452830193,-0.0063622447930809
Subtropical,ssp245,2077,-0.00622716981132077,-0.00641639889351639
Subtropical,ssp245,2078,-0.00555270754716997,-0.0064624159538301
Subtropical,ssp245,2079,-0.00563063207547176,-0.00649892746804711
Subtropical,ssp245,2080,-0.00567879245283032,-0.00652869320727406
Subtropical,ssp245,2081,-0.00857664150943394,-0.00655525233699483
Subtropical,ssp245,2082,-0.0065469056603773,-0.00657840544280034
Subtropical,ssp245,2083,-0.00533350943396238,-0.00659795311028153
Subtropical,ssp245,2084,-0.00626703773584914,-0.00661369592502931
Subtropical,ssp245,2085,-0.00637766981132071,-0.00662543447263462
Subtropical,ssp245,2086,-0.00793360377358487,-0.00663296933868837
Subtropical,ssp245,2087,-0.00719970754716992,-0.00663610110878148
Subtropical,ssp245,2088,-0.00803166981132075,-0.00663463036850489
Subtropical,ssp245,2089,-0.00716291509433975,-0.00662835770344952
Subtropical,ssp245,2090,-0.00668398113207558,-0.0066170836992063
Subtropical,ssp245,2091,-0.00812173584905662,-0.00660076204639129
Subtropical,ssp245,2092,-0.00577227358490573,-0.00657954406297409
Subtropical,ssp245,2093,-0.00677029245283034,-0.00655352677557588
Subtropical,ssp245,2094,-0.00574793396226414,-0.00652280721081786
Subtropical,ssp245,2095,-0.00629540566037745,-0.00648748239532122
Subtropical,ssp245,2096,-0.00795867924528304,-0.00644764935570715
Subtropical,ssp245,2097,-0.00713234905660376,-0.00640340511859683
Subtropical,ssp245,2098,-0.00436921698113202,-0.00635484671061146
Subtropical,ssp245,2099,-0.00519117924528301,-0.00630207115837223
Subtropical,ssp245,2100,-0.00636338679245285,-0.00624517548850032
Subtropical,ssp370,2015,0,-0.00178866759716951
Subtropical,ssp370,2016,-0.000959235849056439,-0.00185826062217415
Subtropical,ssp370,2017,-0.0034330849056603,-0.0019291719163723
Subtropical,ssp370,2018,-0.00421930188679243,-0.00200144510068975
Subtropical,ssp370,2019,-0.0018878773584905,-0.00207512379605229
Subtropical,ssp370,2020,-0.00297471698113205,-0.0021502516233857
Subtropical,ssp370,2021,-0.00214173584905653,-0.0022268722036158
Subtropical,ssp370,2022,-0.00266441509433957,-0.00230502915766835
Subtropical,ssp370,2023,-0.00179037735849041,-0.00238476610646917
Subtropical,ssp370,2024,-0.00113706603773589,-0.00246612667094404
Subtropical,ssp370,2025,-0.00206883962264137,-0.00254915447201876
Subtropical,ssp370,2026,-0.00247508490566029,-0.00263405469844315
Subtropical,ssp370,2027,-0.00249231132075467,-0.00272090881274153
Subtropical,ssp370,2028,-0.0034606132075472,-0.00280957484650144
Subtropical,ssp370,2029,-0.00224898113207539,-0.00289991083131038
Subtropical,ssp370,2030,-0.0036905094339621,-0.00299177479875587
Subtropical,ssp370,2031,-0.00186344339622635,-0.00308502478042544
Subtropical,ssp370,2032,-0.00467876415094337,-0.0031795188079066
Subtropical,ssp370,2033,-0.00193533962264136,-0.00327511491278688
Subtropical,ssp370,2034,-0.00502231132075459,-0.00337167112665379
Subtropical,ssp370,2035,-0.0060287358490565,-0.00346904548109485
Subtropical,ssp370,2036,-0.00265515094339608,-0.00356709600769758
Subtropical,ssp370,2037,-0.00440943396226401,-0.00366789285941562
Subtropical,ssp370,2038,-0.00191695283018856,-0.00377310032313898
Subtropical,ssp370,2039,-0.00340815094339608,-0.00388196763135975
Subtropical,ssp370,2040,-0.00401405660377341,-0.00399374401657003
Subtropical,ssp370,2041,-0.00341088679245272,-0.00410767871126193
Subtropical,ssp370,2042,-0.00276321698113202,-0.00422302094792754
Subtropical,ssp370,2043,-0.00329011320754713,-0.00433901995905895
Subtropical,ssp370,2044,-0.00459513207547158,-0.00445492497714826
Subtropical,ssp370,2045,-0.00557427358490559,-0.00456998523468758
Subtropical,ssp370,2046,-0.00465515094339608,-0.00468344996416899
Subtropical,ssp370,2047,-0.0049179056603772,-0.0047945683980846
Subtropical,ssp370,2048,-0.00230814150943393,-0.00490459943330317
Subtropical,ssp370,2049,-0.00341100000000005,-0.00501522544302001
Subtropical,ssp370,2050,-0.00553153773584891,-0.00512633087421705
Subtropical,ssp370,2051,-0.00599583018867911,-0.00523780017387618
Subtropical,ssp370,2052,-0.00829044339622631,-0.00534951778897932
Subtropical,ssp370,2053,-0.00757640566037732,-0.00546136816650839
Subtropical,ssp370,2054,-0.0041115094339621,-0.00557323575344531
Subtropical,ssp370,2055,-0.0061742075471698,-0.00568500499677197
Subtropical,ssp370,2056,-0.00620890566037735,-0.00579656034347031
Subtropical,ssp370,2057,-0.00707264150943399,-0.00590778624052223
Subtropical,ssp370,2058,-0.00706392452830174,-0.00601678291882056
Subtropical,ssp370,2059,-0.00651850943396215,-0.00612223074877617
Subtropical,ssp370,2060,-0.00420330188679241,-0.00622488438664808
Subtropical,ssp370,2061,-0.00580961320754714,-0.00632549848869528
Subtropical,ssp370,2062,-0.00792801886792449,-0.0064248277111768
Subtropical,ssp370,2063,-0.00715877358490569,-0.00652362671035163
Subtropical,ssp370,2064,-0.00574600943396209,-0.00662265014247878
Subtropical,ssp370,2065,-0.0047965754716981,-0.00672265266381725
Subtropical,ssp370,2066,-0.0042655471698112,-0.00682438893062605
Subtropical,ssp370,2067,-0.00709178301886793,-0.0069286135991642
Subtropical,ssp370,2068,-0.00837113207547158,-0.00703608132569069
Subtropical,ssp370,2069,-0.00833721698113199,-0.00714452791277427
Subtropical,ssp370,2070,-0.00781370754716981,-0.00725174031703075
Subtropical,ssp370,2071,-0.00535602830188675,-0.00735854992578973
Subtropical,ssp370,2072,-0.00745486792452832,-0.00746578812638083
Subtropical,ssp370,2073,-0.00716519811320748,-0.00757428630613363
Subtropical,ssp370,2074,-0.008588462264151,-0.00768487585237775
Subtropical,ssp370,2075,-0.00739839622641503,-0.00779838815244278
Subtropical,ssp370,2076,-0.00809301886792446,-0.00791565459365832
Subtropical,ssp370,2077,-0.00915446226415084,-0.00803750656335398
Subtropical,ssp370,2078,-0.00811360377358494,-0.00816477544885936
Subtropical,ssp370,2079,-0.00944619811320746,-0.00829829263750407
Subtropical,ssp370,2080,-0.00834080188679232,-0.00843643292522235
Subtropical,ssp370,2081,-0.00747932075471702,-0.00857703095592704
Subtropical,ssp370,2082,-0.0069951132075472,-0.00872010788891559
Subtropical,ssp370,2083,-0.00969881132075456,-0.00886568488348545
Subtropical,ssp370,2084,-0.00913878301886784,-0.00901378309893409
Subtropical,ssp370,2085,-0.0097067641509434,-0.00916442369455894
Subtropical,ssp370,2086,-0.0100778867924527,-0.00931762782965748
Subtropical,ssp370,2087,-0.00886150943396213,-0.00947341666352715
Subtropical,ssp370,2088,-0.00933766981132078,-0.00963181135546542
Subtropical,ssp370,2089,-0.00948688679245269,-0.00979283306476972
Subtropical,ssp370,2090,-0.00965674528301874,-0.00995650295073753
Subtropical,ssp370,2091,-0.00893015094339611,-0.0101228127147859
Subtropical,ssp370,2092,-0.00844328301886788,-0.0102917400951403
Subtropical,ssp370,2093,-0.010605075471698,-0.0104632853063112
Subtropical,ssp370,2094,-0.0118832641509434,-0.010637448562809
Subtropical,ssp370,2095,-0.0124176320754716,-0.010814230079144
Subtropical,ssp370,2096,-0.0134306698113207,-0.0109936300698265
Subtropical,ssp370,2097,-0.0108214056603773,-0.011175648749367
Subtropical,ssp370,2098,-0.0115906981132075,-0.0113602863322758
Subtropical,ssp370,2099,-0.0112274905660377,-0.0115475430330632
Subtropical,ssp370,2100,-0.010141575471698,-0.0117374190662396
Subtropical,ssp585,2015,0,-0.00180263386956205
Subtropical,ssp585,2016,-0.000818056603773432,-0.00185977607326703
Subtropical,ssp585,2017,-0.00245166037735833,-0.00191910631204174
Subtropical,ssp585,2018,-0.000808745283018775,-0.0019804390792906
Subtropical,ssp585,2019,-0.0032732641509432,-0.00204358886841801
Subtropical,ssp585,2020,-0.00073595283018868,-0.00210837017282837
Subtropical,ssp585,2021,-0.00128758490566039,-0.0021745974859261
Subtropical,ssp585,2022,-0.00640147169811312,-0.0022420853011156
Subtropical,ssp585,2023,-0.00342705660377352,-0.00231064811180127
Subtropical,ssp585,2024,-0.00362132075471688,-0.00238010041138753
Subtropical,ssp585,2025,-0.00270152830188675,-0.00245025669327877
Subtropical,ssp585,2026,-0.00306812264150924,-0.00252074355538938
Subtropical,ssp585,2027,-0.00059951886792442,-0.00259157579912378
Subtropical,ssp585,2028,-0.00275424528301871,-0.00266315022312147
Subtropical,ssp585,2029,-0.00279810377358491,-0.00273586362602194
Subtropical,ssp585,2030,-0.00386795283018859,-0.00281011280646468
Subtropical,ssp585,2031,-0.00263088679245271,-0.00288629456308919
Subtropical,ssp585,2032,-0.00340271698113193,-0.00296480569453496
Subtropical,ssp585,2033,-0.00208424528301876,-0.00304604299944148
Subtropical,ssp585,2034,-0.00259487735849051,-0.00313040327644825
Subtropical,ssp585,2035,-0.00449015094339611,-0.00321828332419475
Subtropical,ssp585,2036,-0.00507353773584907,-0.00331007994132049
Subtropical,ssp585,2037,-0.00212512264150933,-0.00340134841965648
Subtropical,ssp585,2038,-0.00364668867924522,-0.00348849928842665
Subtropical,ssp585,2039,-0.00427077358490546,-0.00357321220235984
Subtropical,ssp585,2040,-0.00333949999999983,-0.00365716681618489
Subtropical,ssp585,2041,-0.00286480188679228,-0.00374204278463065
Subtropical,ssp585,2042,-0.00399503773584886,-0.00382951976242594
Subtropical,ssp585,2043,-0.00459716981132075,-0.00392127740429962
Subtropical,ssp585,2044,-0.00489459433962258,-0.00401899536498052
Subtropical,ssp585,2045,-0.00496780188679247,-0.00412435329919749
Subtropical,ssp585,2046,-0.00301440566037736,-0.00423903086167936
Subtropical,ssp585,2047,-0.00357938679245273,-0.00436470770715497
Subtropical,ssp585,2048,-0.00476375471698098,-0.00450458260895425
Subtropical,ssp585,2049,-0.00653291509433962,-0.00465885470503947
Subtropical,ssp585,2050,-0.00409991509433949,-0.004824704197088
Subtropical,ssp585,2051,-0.00455774528301878,-0.0049993112867772
Subtropical,ssp585,2052,-0.00243354716981115,-0.00517985617578445
Subtropical,ssp585,2053,-0.00483163207547155,-0.0053635190657871
Subtropical,ssp585,2054,-0.00509933018867925,-0.00554748015846253
Subtropical,ssp585,2055,-0.00573173584905651,-0.0057289196554881
Subtropical,ssp585,2056,-0.00469329245283001,-0.00590501775854118
Subtropical,ssp585,2057,-0.00697622641509432,-0.00607295466929914
Subtropical,ssp585,2058,-0.00585196226415086,-0.00623992686244041
Subtropical,ssp585,2059,-0.00588503773584903,-0.0064141346358442
Subtropical,ssp585,2060,-0.00693497169811308,-0.00659426392598906
Subtropical,ssp585,2061,-0.00823272641509432,-0.00677900066935354
Subtropical,ssp585,2062,-0.00789618867924524,-0.00696703080241619
Subtropical,ssp585,2063,-0.00644277358490553,-0.00715704026165555
Subtropical,ssp585,2064,-0.0089761509433961,-0.00734771498355018
Subtropical,ssp585,2065,-0.00986224528301882,-0.00753774090457861
Subtropical,ssp585,2066,-0.00774316037735834,-0.00772580396121939
Subtropical,ssp585,2067,-0.00768377358490557,-0.00791059008995108
Subtropical,ssp585,2068,-0.00897438679245277,-0.00809078522725222
Subtropical,ssp585,2069,-0.00723964150943379,-0.00826800502775753
Subtropical,ssp585,2070,-0.00886951886792442,-0.00844481404041734
Subtropical,ssp585,2071,-0.00902515094339607,-0.00862132154318355
Subtropical,ssp585,2072,-0.0088265660377358,-0.00879763681400808
Subtropical,ssp585,2073,-0.00773878301886777,-0.00897386913084285
Subtropical,ssp585,2074,-0.00812218867924508,-0.00915012777163976
Subtropical,ssp585,2075,-0.00940421698113192,-0.00932652201435074
Subtropical,ssp585,2076,-0.00885295283018861,-0.0095031611369277
Subtropical,ssp585,2077,-0.00867189622641496,-0.00968015441732255
Subtropical,ssp585,2078,-0.00898710377358492,-0.00985761113348721
Subtropical,ssp585,2079,-0.00930685849056601,-0.0100356405633736
Subtropical,ssp585,2080,-0.0122567264150943,-0.0102136337614041
Subtropical,ssp585,2081,-0.0108448113207547,-0.0103910157643072
Subtropical,ssp585,2082,-0.0102600566037736,-0.0105679468234943
Subtropical,ssp585,2083,-0.010651075471698,-0.0107445871903766
Subtropical,ssp585,2084,-0.00990111320754705,-0.0109210971163653
Subtropical,ssp585,2085,-0.00997942452830181,-0.0110976368528718
Subtropical,ssp585,2086,-0.01174179245283,-0.0112743666513072
Subtropical,ssp585,2087,-0.0128496037735848,-0.0114514467630828
Subtropical,ssp585,2088,-0.0107377075471697,-0.0116290374396099
Subtropical,ssp585,2089,-0.0105923301886792,-0.0118072989322998
Subtropical,ssp585,2090,-0.0126387641509433,-0.0119863914925636
Subtropical,ssp585,2091,-0.0124745943396225,-0.0121663214765567
Subtropical,ssp585,2092,-0.0135063207547168,-0.0123469404191053
Subtropical,ssp585,2093,-0.0140768773584905,-0.0125281763396277
Subtropical,ssp585,2094,-0.0130018113207546,-0.012709957257542
Subtropical,ssp585,2095,-0.013339471698113,-0.0128922111922665
Subtropical,ssp585,2096,-0.0116317452830188,-0.0130748661632191
Subtropical,ssp585,2097,-0.0124393773584905,-0.0132578501898182
Subtropical,ssp585,2098,-0.0133748490566037,-0.0134410912914819
Subtropical,ssp585,2099,-0.0146568867924528,-0.0136245174876284
Subtropical,ssp585,2100,-0.0130360188679244,-0.0138080567976758
Temperate,ssp126,2015,0,-0.00165520809495923
Temperate,ssp126,2016,-0.00442748140900195,-0.00176395936365946
Temperate,ssp126,2017,-0.00291012524461842,-0.00187023153364577
Temperate,ssp126,2018,-0.000522772994129284,-0.00197407584705779
Temperate,ssp126,2019,-0.00302628375733849,-0.0020755435460352
Temperate,ssp126,2020,-0.00165887671232889,-0.00217468587271763
Temperate,ssp126,2021,-0.00123867906066533,-0.00227155406924475
Temperate,ssp126,2022,-0.00264126418786703,-0.0023661993777562
Temperate,ssp126,2023,-0.00241358512720158,-0.00245867304039163
Temperate,ssp126,2024,-0.00144218590998046,-0.00254902629929071
Temperate,ssp126,2025,-0.00343261448140897,-0.00263731039659308
Temperate,ssp126,2026,-0.00296684735812125,-0.00272349485852482
Temperate,ssp126,2027,-0.00427513111545985,-0.00280746381014855
Temperate,ssp126,2028,-0.00417288845401176,-0.00288914039185878
Temperate,ssp126,2029,-0.0029436888454013,-0.00296844774405
Temperate,ssp126,2030,-0.00156268884540123,-0.00304530900711671
Temperate,ssp126,2031,-0.00174370450097849,-0.00311964732145339
Temperate,ssp126,2032,-0.00321729354207445,-0.00319138582745456
Temperate,ssp126,2033,-0.00099615459882596,-0.0032604476655147
Temperate,ssp126,2034,-0.000802301369863034,-0.0033267559760283
Temperate,ssp126,2035,-0.00394358121330729,-0.00339023389938987
Temperate,ssp126,2036,-0.00418795890410961,-0.0034508045759939
Temperate,ssp126,2037,-0.00141980039138945,-0.00351032040718775
Temperate,ssp126,2038,-0.00670878864970659,-0.003570226661441
Temperate,ssp126,2039,-0.00458146183953034,-0.00362983577983144
Temperate,ssp126,2040,-0.00438369471624278,-0.0036884602034369
Temperate,ssp126,2041,-0.0003490958904111,-0.00374541237333516
Temperate,ssp126,2042,-0.0061521937377691,-0.00380000473060404
Temperate,ssp126,2043,-0.00543045009784748,-0.00385154971632135
Temperate,ssp126,2044,-0.00359584540117419,-0.00389935977156489
Temperate,ssp126,2045,-0.00676010176125241,-0.00394274733741246
Temperate,ssp126,2046,-0.00391963209393342,-0.00398102485494189
Temperate,ssp126,2047,-0.00339928962818004,-0.00401350476523096
Temperate,ssp126,2048,-0.00313148727984358,-0.00403867449044494
Temperate,ssp126,2049,-0.00322075538160482,-0.00405613635474565
Temperate,ssp126,2050,-0.00525116829745609,-0.00406687515220579
Temperate,ssp126,2051,-0.00488779256360084,-0.00407187567689802
Temperate,ssp126,2052,-0.00270677299412925,-0.00407212272289502
Temperate,ssp126,2053,-0.00366657142857152,-0.00406860108426947
Temperate,ssp126,2054,-0.0047328180039139,-0.00406229555509405
Temperate,ssp126,2055,-0.00314315459882586,-0.00405419092944144
Temperate,ssp126,2056,-0.00120868493150694,-0.00404527200138432
Temperate,ssp126,2057,-0.00380682191780823,-0.00403652356499536
Temperate,ssp126,2058,-0.00549126418786705,-0.00402164308564184
Temperate,ssp126,2059,-0.00288866144814093,-0.00399541489360944
Temperate,ssp126,2060,-0.00553838356164382,-0.00396045408034847
Temperate,ssp126,2061,-0.00390780039138949,-0.00391937573730923
Temperate,ssp126,2062,-0.0051521643835617,-0.00387479495594201
Temperate,ssp126,2063,-0.0026016262230919,-0.00382932682769713
Temperate,ssp126,2064,-0.00544778864970641,-0.00378558644402487
Temperate,ssp126,2065,-0.00394748336594919,-0.00374618889637555
Temperate,ssp126,2066,-0.002124324853229,-0.00371374927619946
Temperate,ssp126,2067,-0.00674053424657539,-0.00369088267494691
Temperate,ssp126,2068,-0.00516690019569466,-0.00368020418406819
Temperate,ssp126,2069,-0.0032638551859101,-0.0036787347036416
Temperate,ssp126,2070,-0.00143195890410963,-0.0036812576145214
Temperate,ssp126,2071,-0.00292841291585133,-0.00368703172932184
Temperate,ssp126,2072,-0.00281659491193742,-0.00369531586065717
Temperate,ssp126,2073,-0.0048571174168297,-0.00370536882114164
Temperate,ssp126,2074,-0.00278006066536207,-0.00371644942338949
Temperate,ssp126,2075,-0.00166492563600795,-0.00372781648001499
Temperate,ssp126,2076,-0.00285238356164386,-0.00373872880363236
Temperate,ssp126,2077,-0.00313711741682976,-0.00374844520685588
Temperate,ssp126,2078,-0.00379964383561648,-0.00375622450229977
Temperate,ssp126,2079,-0.00385870450097858,-0.0037613255025783
Temperate,ssp126,2080,-0.00402673385518604,-0.00376515105315049
Temperate,ssp126,2081,-0.00438189432485325,-0.00376959343923528
Temperate,ssp126,2082,-0.00628960469667317,-0.00377464563308675
Temperate,ssp126,2083,-0.00150533268101771,-0.00378030060695903
Temperate,ssp126,2084,-0.0061440900195695,-0.00378655133310621
Temperate,ssp126,2085,-0.00134029158512727,-0.00379339078378239
Temperate,ssp126,2086,-0.00571304500978487,-0.00380081193124169
Temperate,ssp126,2087,-0.00612960273972596,-0.0038088077477382
Temperate,ssp126,2088,-0.00407988258317027,-0.00381737120552603
Temperate,ssp126,2089,-0.00359639726027394,-0.00382649527685927
Temperate,ssp126,2090,-0.00505994129158505,-0.00383617293399204
Temperate,ssp126,2091,-0.00159349315068491,-0.00384627589165719
Temperate,ssp126,2092,-0.00221401761252449,-0.00385669406106031
Temperate,ssp126,2093,-0.00457559491193749,-0.00386744770916465
Temperate,ssp126,2094,-0.00553382191780827,-0.00387855710293345
Temperate,ssp126,2095,-0.00528600782778876,-0.00389004250932997
Temperate,ssp126,2096,-0.00335335029354211,-0.00390192419531744
Temperate,ssp126,2097,-0.00212240900195693,-0.0039142224278591
Temperate,ssp126,2098,-0.0027733933463796,-0.00392695747391821
Temperate,ssp126,2099,-0.00374485127201574,-0.00394014960045801
Temperate,ssp126,2100,-0.00484995890410955,-0.00395381907444173
Temperate,ssp245,2015,0,-0.000847047998409966
Temperate,ssp245,2016,-0.00137260665362038,-0.000933705228870986
Temperate,ssp245,2017,-0.000160690802348373,-0.00102046742058844
Temperate,ssp245,2018,-0.00197166144814087,-0.00110730347961781
Temperate,ssp245,2019,-0.00248748336594917,-0.00119418231201457
Temperate,ssp245,2020,-0.00147580234833655,-0.00128107282383421
Temperate,ssp245,2021,-0.00105912720156565,-0.0013679439211322
Temperate,ssp245,2022,-0.00255367710371823,-0.00145476450996403
Temperate,ssp245,2023,-0.00245134442270056,-0.00154150349638517
Temperate,ssp245,2024,0.000190495107631916,-0.0016281297864511
Temperate,ssp245,2025,-0.000175152641878729,-0.00171461228621731
Temperate,ssp245,2026,-0.00193990802348343,-0.00180078692299341
Temperate,ssp245,2027,-0.000709420743639999,-0.00188656955807334
Temperate,ssp245,2028,-0.00467972994129173,-0.00197204899848906
Temperate,ssp245,2029,-0.00172693737769092,-0.00205731405127255
Temperate,ssp245,2030,0.00035971428571413,-0.00214245352345577
Temperate,ssp245,2031,-0.00196595890410967,-0.00222755622207067
Temperate,ssp245,2032,-0.00216067123287678,-0.00231271095414923
Temperate,ssp245,2033,-0.00447814285714299,-0.00239800652672341
Temperate,ssp245,2034,-0.00137995890410969,-0.00248353174682517
Temperate,ssp245,2035,-0.00469065557729942,-0.00256937542148648
Temperate,ssp245,2036,-0.000882379647749509,-0.0026556263577393
Temperate,ssp245,2037,-0.00274739530332679,-0.00274213202644356
Temperate,ssp245,2038,-0.00408385127201583,-0.00282870998420556
Temperate,ssp245,2039,-0.00182234833659489,-0.00291540416667682
Temperate,ssp245,2040,-0.00411186497064597,-0.00300225850950885
Temperate,ssp245,2041,-0.00134156555773002,-0.00308931694835315
Temperate,ssp245,2042,-0.003810843444227,-0.00317662341886126
Temperate,ssp245,2043,-0.00330128375733851,-0.00326422185668468
Temperate,ssp245,2044,-0.00535591585127215,-0.00335215619747492
Temperate,ssp245,2045,-0.003649084148728,-0.00344047037688351
Temperate,ssp245,2046,-0.00597406849315085,-0.00352920833056195
Temperate,ssp245,2047,-0.00222555381604694,-0.00361841399416176
Temperate,ssp245,2048,-0.00290639334637977,-0.00370920770560313
Temperate,ssp245,2049,-0.00305849510763223,-0.00380220121437445
Temperate,ssp245,2050,-0.00345542074363991,-0.0038966755734795
Temperate,ssp245,2051,-0.00205250293542081,-0.00399191183592208
Temperate,ssp245,2052,-0.00430643639921735,-0.00408719105470598
Temperate,ssp245,2053,-0.00511347162426623,-0.00418179428283499
Temperate,ssp245,2054,-0.00380289041095905,-0.00427500257331291
Temperate,ssp245,2055,-0.00540675733855189,-0.00436609697914353
Temperate,ssp245,2056,-0.00375954598825845,-0.00445435855333063
Temperate,ssp245,2057,-0.00682891389432494,-0.00453906834887802
Temperate,ssp245,2058,-0.00331747945205496,-0.00462305793523085
Temperate,ssp245,2059,-0.00289414481409001,-0.00470914029156687
Temperate,ssp245,2060,-0.00481160078277898,-0.00479656858548876
Temperate,ssp245,2061,-0.00438315655577304,-0.0048845959845992
Temperate,ssp245,2062,-0.006511542074364,-0.00497247565650088
Temperate,ssp245,2063,-0.00235564383561648,-0.00505946076879647
Temperate,ssp245,2064,-0.00596486105675154,-0.00514480448908866
Temperate,ssp245,2065,-0.00394651076320951,-0.00522775998498013
Temperate,ssp245,2066,-0.00767566144814103,-0.00530758042407356
Temperate,ssp245,2067,-0.00478875342465757,-0.00538351897397163
Temperate,ssp245,2068,-0.00788144618395315,-0.00545482880227701
Temperate,ssp245,2069,-0.00539468884540129,-0.00552203646449564
Temperate,ssp245,2070,-0.00693319178082197,-0.00558637623867076
Temperate,ssp245,2071,-0.0064870606653622,-0.00564816287621103
Temperate,ssp245,2072,-0.00638797847358119,-0.00570771112852513
Temperate,ssp245,2073,-0.00482780234833657,-0.00576533574702172
Temperate,ssp245,2074,-0.00458178669275933,-0.00582135148310948
Temperate,ssp245,2075,-0.00610891780821921,-0.00587607308819708
Temperate,ssp245,2076,-0.00501262426614479,-0.00592981531369318
Temperate,ssp245,2077,-0.00473497455968697,-0.00598289291100647
Temperate,ssp245,2078,-0.00781948923679066,-0.0060356206315456
Temperate,ssp245,2079,-0.00454716046966741,-0.00608831322671925
Temperate,ssp245,2080,-0.00510645205479454,-0.00614014273717614
Temperate,ssp245,2081,-0.00718160469667328,-0.00619014771248141
Temperate,ssp245,2082,-0.00702933463796485,-0.00623844266741838
Temperate,ssp245,2083,-0.00551138551859109,-0.00628514211677034
Temperate,ssp245,2084,-0.00630667318982403,-0.0063303605753206
Temperate,ssp245,2085,-0.00608469863013705,-0.00637421255785248
Temperate,ssp245,2086,-0.00506448923679059,-0.00641681257914928
Temperate,ssp245,2087,-0.00946376908023483,-0.0064582751539943
Temperate,ssp245,2088,-0.00496657534246592,-0.00649871479717086
Temperate,ssp245,2089,-0.00525457142857144,-0.00653824602346226
Temperate,ssp245,2090,-0.00702745401174165,-0.00657698334765181
Temperate,ssp245,2091,-0.00592739334637971,-0.00661499043929295
Temperate,ssp245,2092,-0.00717776908023482,-0.00665221398370619
Temperate,ssp245,2093,-0.00697033659491209,-0.0066885930193254
Temperate,ssp245,2094,-0.00728612328767131,-0.00672406658458445
Temperate,ssp245,2095,-0.00718096477495123,-0.00675857371791724
Temperate,ssp245,2096,-0.00714867906066541,-0.00679205345775762
Temperate,ssp245,2097,-0.00503376516634058,-0.00682444484253949
Temperate,ssp245,2098,-0.00699681996086121,-0.00685568691069672
Temperate,ssp245,2099,-0.00796230136986309,-0.00688571870066319
Temperate,ssp245,2100,-0.00680753816046975,-0.00691447925087277
Temperate,ssp370,2015,0,-0.0013657838409377
Temperate,ssp370,2016,-0.000937806262230945,-0.00145983730225196
Temperate,ssp370,2017,-0.0036769275929549,-0.00155467608501514
Temperate,ssp370,2018,-0.00231749315068486,-0.00165038345607953
Temperate,ssp370,2019,-0.00466437573385514,-0.00174704268229742
Temperate,ssp370,2020,-0.00151285127201573,-0.0018447370305211
Temperate,ssp370,2021,-0.00253925636007835,-0.00194354976760284
Temperate,ssp370,2022,-0.00122232876712336,-0.00204356416039495
Temperate,ssp370,2023,-0.000500827788649794,-0.00214486347574971
Temperate,ssp370,2024,-0.00240499804305272,-0.00224753098051939
Temperate,ssp370,2025,-0.00135072602739728,-0.00235164994155631
Temperate,ssp370,2026,-0.000624091976516583,-0.00245731842113151
Temperate,ssp370,2027,-0.00219789823874761,-0.00256446071390858
Temperate,ssp370,2028,-0.00227180821917816,-0.00267289943532852
Temperate,ssp370,2029,-0.00308681800391386,-0.00278245720083234
Temperate,ssp370,2030,-0.00180491193737775,-0.00289295662586107
Temperate,ssp370,2031,8.49119373769192e-06,-0.00300422032585572
Temperate,ssp370,2032,-0.00535298238747561,-0.0031160709162573
Temperate,ssp370,2033,-0.00721110958904103,-0.00322833101250683
Temperate,ssp370,2034,-0.0018848434442269,-0.00334082323004533
Temperate,ssp370,2035,-0.00511375146771043,-0.0034533701843138
Temperate,ssp370,2036,-0.00239073581213312,-0.00356579449075327
Temperate,ssp370,2037,-0.00298447945205482,-0.00368117869708947
Temperate,ssp370,2038,-0.00263660078277894,-0.00380196395481968
Temperate,ssp370,2039,-0.00429164187866915,-0.00392701078504225
Temperate,ssp370,2040,-0.00544184540117421,-0.00405517970885551
Temperate,ssp370,2041,-0.00295119960861046,-0.00418533124735782
Temperate,ssp370,2042,-0.00387794520547935,-0.00431632592164751
Temperate,ssp370,2043,-0.00285715068493153,-0.00444702425282291
Temperate,ssp370,2044,-0.00573383170254393,-0.00457628676198239
Temperate,ssp370,2045,-0.00388137769080243,-0.00470297397022427
Temperate,ssp370,2046,-0.00682735029354209,-0.0048259463986469
Temperate,ssp370,2047,-0.00521897651663394,-0.00494406456834861
Temperate,ssp370,2048,-0.00357575342465744,-0.00505481667659316
Temperate,ssp370,2049,-0.00458393542074354,-0.00515777662089436
Temperate,ssp370,2050,-0.0054415753424657,-0.00525493347272566
Temperate,ssp370,2051,-0.00848153228962811,-0.00534827630356053
Temperate,ssp370,2052,-0.00758648140900187,-0.00543979418487243
Temperate,ssp370,2053,-0.00538884344422708,-0.00553147618813482
Temperate,ssp370,2054,-0.00535654011741671,-0.00562531138482116
Temperate,ssp370,2055,-0.00445413111545978,-0.00572328884640492
Temperate,ssp370,2056,-0.00460920547945198,-0.00582739764435956
Temperate,ssp370,2057,-0.00398397847358112,-0.00593962685015853
Temperate,ssp370,2058,-0.00513808806262239,-0.00605652701634039
Temperate,ssp370,2059,-0.00758416438356169,-0.00617341093586488
Temperate,ssp370,2060,-0.00925632289628187,-0.00629041104083725
Temperate,ssp370,2061,-0.00640946183953028,-0.00640765976336271
Temperate,ssp370,2062,-0.00618453228962812,-0.0065252895355465
Temperate,ssp370,2063,-0.00389261643835614,-0.00664343278949386
Temperate,ssp370,2064,-0.00815699021526406,-0.00676222195731002
Temperate,ssp370,2065,-0.00625068297455966,-0.00688178947110021
Temperate,ssp370,2066,-0.00566041291585129,-0.00700226776296967
Temperate,ssp370,2067,-0.00659438747553809,-0.00712378926502362
Temperate,ssp370,2068,-0.00722732485322886,-0.0072464864093673
Temperate,ssp370,2069,-0.00696203522504901,-0.00737011813705049
Temperate,ssp370,2070,-0.00574374168297465,-0.00749447920548787
Temperate,ssp370,2071,-0.00745889041095893,-0.00761975577133208
Temperate,ssp370,2072,-0.00892593737769087,-0.00774613399123574
Temperate,ssp370,2073,-0.00992681017612518,-0.00787380002185146
Temperate,ssp370,2074,-0.00939265362035213,-0.00800294001983189
Temperate,ssp370,2075,-0.0112446418786694,-0.00813374014182963
Temperate,ssp370,2076,-0.00914592759295507,-0.00826638654449732
Temperate,ssp370,2077,-0.0071694461839531,-0.00840106538448758
Temperate,ssp370,2078,-0.00684787866927583,-0.00853796281845303
Temperate,ssp370,2079,-0.00913104109589047,-0.0086772650030463
Temperate,ssp370,2080,-0.0079429373776907,-0.00881876904228369
Temperate,ssp370,2081,-0.00916232289628183,-0.00896210817454909
Temperate,ssp370,2082,-0.00996247358121338,-0.00910722275804653
Temperate,ssp370,2083,-0.0083343463796477,-0.00925405315098002
Temperate,ssp370,2084,-0.0103490528375734,-0.00940253971155356
Temperate,ssp370,2085,-0.0072447025440312,-0.00955262279797117
Temperate,ssp370,2086,-0.00738300391389424,-0.00970424276843687
Temperate,ssp370,2087,-0.0101881135029354,-0.00985733998115466
Temperate,ssp370,2088,-0.0127993796477495,-0.0100118547943286
Temperate,ssp370,2089,-0.0105332309197652,-0.0101677275661626
Temperate,ssp370,2090,-0.0107988767123288,-0.0103248986548608
Temperate,ssp370,2091,-0.00940105870841479,-0.0104834505625768
Temperate,ssp370,2092,-0.0101267123287672,-0.0106435139006314
Temperate,ssp370,2093,-0.0104753600782779,-0.0108051011909788
Temperate,ssp370,2094,-0.0112605362035225,-0.0109682249555734
Temperate,ssp370,2095,-0.0102099373776907,-0.0111328977163693
Temperate,ssp370,2096,-0.0103239902152641,-0.011299131995321
Temperate,ssp370,2097,-0.0133249138943248,-0.0114669403143826
Temperate,ssp370,2098,-0.0128606712328767,-0.0116363351955086
Temperate,ssp370,2099,-0.00967955968688838,-0.0118073291606531
Temperate,ssp370,2100,-0.0131834129158512,-0.0119799347317706
Temperate,ssp585,2015,0,0.000337052299404879
Temperate,ssp585,2016,-0.000754825831702499,0.000367166925295509
Temperate,ssp585,2017,0.00070587671232869,0.000390934903202545
Temperate,ssp585,2018,-0.000586814090019594,0.000408134405409002
Temperate,ssp585,2019,0.000338477495107625,0.000418543604197896
Temperate,ssp585,2020,0.00233309393346381,0.000421940671852245
Temperate,ssp585,2021,0.00030692172211344,0.000418103780655064
Temperate,ssp585,2022,-0.000497428571428538,0.000406811102889368
Temperate,ssp585,2023,-0.0016837553816047,0.000387840810838175
Temperate,ssp585,2024,0.00133680039138939,0.0003609710767845
Temperate,ssp585,2025,0.0025403776908024,0.000325980073011359
Temperate,ssp585,2026,0.00141221917808232,0.000282386548040994
Temperate,ssp585,2027,0.000168123287671351,0.000230187362039656
Temperate,ssp585,2028,0.000701076320939409,0.000169877854756377
Temperate,ssp585,2029,-0.00141370058708423,0.000101953365940192
Temperate,ssp585,2030,-0.000267410958904035,2.69092353401308e-05
Temperate,ssp585,2031,0.000123211350293584,-5.47591972947724e-05
Temperate,ssp585,2032,0.000550342465753362,-0.000142556592215485
Temperate,ssp585,2033,0.000408958904109635,-0.000235987609672976
Temperate,ssp585,2034,0.00126572211350284,-0.00033455690991821
Temperate,ssp585,2035,-0.00266038747553821,-0.000437769153202157
Temperate,ssp585,2036,0.00281051272015653,-0.000545128999775783
Temperate,ssp585,2037,-0.000587093933463789,-0.000662995251168146
Temperate,ssp585,2038,-0.00135597455968695,-0.000796493550060483
Temperate,ssp585,2039,-0.000314929549902088,-0.000943278818432032
Temperate,ssp585,2040,-0.00157570058708423,-0.00110100597826203
Temperate,ssp585,2041,-0.000474565557729845,-0.00126732995152971
Temperate,ssp585,2042,-0.000824870841487302,-0.00143990566021431
Temperate,ssp585,2043,-0.00282566731898237,-0.00161638802629507
Temperate,ssp585,2044,-0.00149927984344411,-0.00179443197175122
Temperate,ssp585,2045,-0.00294982974559677,-0.001971692418562
Temperate,ssp585,2046,0.00309361839530342,-0.00214582428870664
Temperate,ssp585,2047,-0.00403867906066524,-0.00231448250416439
Temperate,ssp585,2048,-0.00466773385518593,-0.0024805061146254
Temperate,ssp585,2049,-0.00333396673189812,-0.00264830782810675
Temperate,ssp585,2050,-0.00257778473581216,-0.00281790305407811
Temperate,ssp585,2051,-0.0040432700587083,-0.00298930720200914
Temperate,ssp585,2052,-0.00584245596868893,-0.00316253568136949
Temperate,ssp585,2053,-0.00285521330724059,-0.00333760390162882
Temperate,ssp585,2054,-0.00172503913894317,-0.0035145272722568
Temperate,ssp585,2055,-0.001968567514677,-0.00369332120272308
Temperate,ssp585,2056,-0.00622357925636008,-0.00387400110249732
Temperate,ssp585,2057,-0.00405071624266151,-0.00405658238104918
Temperate,ssp585,2058,-0.00463284735812142,-0.00423951296447673
Temperate,ssp585,2059,-0.0041230880626224,-0.00442153778679608
Temperate,ssp585,2060,-0.00505097260273968,-0.00460311776935396
Temperate,ssp585,2061,-0.00390678277886503,-0.00478471383349708
Temperate,ssp585,2062,-0.00515693933463801,-0.00496678690057216
Temperate,ssp585,2063,-0.00651373189823867,-0.00514979789192593
Temperate,ssp585,2064,-0.00745595107632102,-0.00533420772890511
Temperate,ssp585,2065,-0.00530766144814088,-0.00552047733285641
Temperate,ssp585,2066,-0.00115867318982388,-0.00570906762512657
Temperate,ssp585,2067,-0.00501478669275923,-0.00590043952706229
Temperate,ssp585,2068,-0.00499925636007825,-0.00609505396001031
Temperate,ssp585,2069,-0.0070353346379648,-0.00629265794705061
Temperate,ssp585,2070,-0.00568828767123297,-0.00649255183786449
Temperate,ssp585,2071,-0.00766851076320929,-0.00669452654370067
Temperate,ssp585,2072,-0.00689639138943243,-0.00689837297580782
Temperate,ssp585,2073,-0.00661450489236781,-0.00710388204543465
Temperate,ssp585,2074,-0.00580702152641877,-0.00731084466382985
Temperate,ssp585,2075,-0.00839327005870838,-0.00751905174224212
Temperate,ssp585,2076,-0.00680187279843447,-0.00772829419192016
Temperate,ssp585,2077,-0.00879898434442272,-0.00793836292411266
Temperate,ssp585,2078,-0.00905488454011749,-0.00814904885006831
Temperate,ssp585,2079,-0.0115916555772995,-0.00836014288103582
Temperate,ssp585,2080,-0.0110245127201565,-0.00857245978230873
Temperate,ssp585,2081,-0.00954726418786689,-0.0087868652743049
Temperate,ssp585,2082,-0.00759178473581201,-0.00900322670095947
Temperate,ssp585,2083,-0.0091601350293542,-0.00922141140620756
Temperate,ssp585,2084,-0.00966083757338554,-0.00944128673398433
Temperate,ssp585,2085,-0.00901221526418783,-0.00966272002822489
Temperate,ssp585,2086,-0.0070735792563601,-0.00988557863286441
Temperate,ssp585,2087,-0.0104835870841486,-0.010109729891838
Temperate,ssp585,2088,-0.00974351663405093,-0.0103350411490808
Temperate,ssp585,2089,-0.0106009452054794,-0.010561379748528
Temperate,ssp585,2090,-0.0123348962818004,-0.0107886130341146
Temperate,ssp585,2091,-0.0115076086105674,-0.0110167185904634
Temperate,ssp585,2092,-0.0113751350293543,-0.011245798485388
Temperate,ssp585,2093,-0.0123544050880626,-0.0114759067876104
Temperate,ssp585,2094,-0.0126418727984343,-0.0117070975658525
Temperate,ssp585,2095,-0.00941086105675137,-0.0119394248888363
Temperate,ssp585,2096,-0.0100778317025441,-0.0121729428252836
Temperate,ssp585,2097,-0.0120934951076321,-0.0124077054439163
Temperate,ssp585,2098,-0.0125305577299413,-0.0126437668134564
Temperate,ssp585,2099,-0.0130805949119373,-0.0128811810026257
Temperate,ssp585,2100,-0.0149004442270058,-0.0131200020801462
Tropical,ssp126,2015,0,-0.00149400385660155
Tropical,ssp126,2016,-0.00170025190839707,-0.0016148741519175
Tropical,ssp126,2017,-0.00233835114503833,-0.00173282398100155
Tropical,ssp126,2018,-0.00151016412213756,-0.00184782998440784
Tropical,ssp126,2019,-0.00189062213740465,-0.00195986880269047
Tropical,ssp126,2020,-0.0019318816793894,-0.00206891707640358
Tropical,ssp126,2021,-0.00103067557251912,-0.0021749514461013
Tropical,ssp126,2022,-0.00374786259541993,-0.00227794855233774
Tropical,ssp126,2023,-0.00329633206106883,-0.00237788503566704
Tropical,ssp126,2024,-0.00440187022900784,-0.00247473753664332
Tropical,ssp126,2025,-0.00366197709923677,-0.00256848269582071
Tropical,ssp126,2026,-0.00134019083969483,-0.00265900920494825
Tropical,ssp126,2027,-0.00160769465648869,-0.00274626339986869
Tropical,ssp126,2028,-0.00379406870229015,-0.00283030838727666
Tropical,ssp126,2029,-0.00485945801526722,-0.00291120727386681
Tropical,ssp126,2030,-0.00227113740458029,-0.00298902316633379
Tropical,ssp126,2031,-0.0024165534351146,-0.00306381917137224
Tropical,ssp126,2032,-0.00240170229007641,-0.0031356583956768
Tropical,ssp126,2033,-0.00277901526717561,-0.00320460394594213
Tropical,ssp126,2034,-0.00273998854961843,-0.00327071892886286
Tropical,ssp126,2035,-0.00414480152671759,-0.00333406645113364
Tropical,ssp126,2036,-0.00217306488549629,-0.00339470961944911
Tropical,ssp126,2037,-0.00194632061068711,-0.00345064986378075
Tropical,ssp126,2038,-0.00285566793893133,-0.0035004178499752
Tropical,ssp126,2039,-0.00456471374045808,-0.00354487053853985
Tropical,ssp126,2040,-0.00548831679389328,-0.0035848648899821
Tropical,ssp126,2041,-0.00401480916030539,-0.00362125786480935
Tropical,ssp126,2042,-0.00270640839694658,-0.00365490642352901
Tropical,ssp126,2043,-0.00271332061068708,-0.00368666752664847
Tropical,ssp126,2044,-0.00228163740458021,-0.00371739813467512
Tropical,ssp126,2045,-0.00511316793893135,-0.00374795520811637
Tropical,ssp126,2046,-0.0056950458015268,-0.00377919570747962
Tropical,ssp126,2047,-0.00343429389312977,-0.00381197659327227
Tropical,ssp126,2048,-0.0040782862595421,-0.00384515407348788
Tropical,ssp126,2049,-0.00425321374045806,-0.00387706833953259
Tropical,ssp126,2050,-0.00362716793893148,-0.00390780232703263
Tropical,ssp126,2051,-0.00286735114503833,-0.00393743897161426
Tropical,ssp126,2052,-0.00467623664122141,-0.00396606120890372
Tropical,ssp126,2053,-0.00606869847328251,-0.00399375197452727
Tropical,ssp126,2054,-0.00439016030534356,-0.00402059420411114
Tropical,ssp126,2055,-0.00494374809160325,-0.00404667083328158
Tropical,ssp126,2056,-0.00483898091603074,-0.00407206479766485
Tropical,ssp126,2057,-0.00262187022900773,-0.00409685903288718
Tropical,ssp126,2058,-0.00199631679389323,-0.00412190441822024
Tropical,ssp126,2059,-0.00361622900763359,-0.00414758730284758
Tropical,ssp126,2060,-0.00532129007633597,-0.00417329382726331
Tropical,ssp126,2061,-0.00315770229007639,-0.00419841013196153
Tropical,ssp126,2062,-0.00211170610687028,-0.00422232235743634
Tropical,ssp126,2063,-0.00317289312977098,-0.00424441664418185
Tropical,ssp126,2064,-0.00341085877862612,-0.00426407913269216
Tropical,ssp126,2065,-0.0038770038167939,-0.00428069596346138
Tropical,ssp126,2066,-0.00456247709923674,-0.0042936532769836
Tropical,ssp126,2067,-0.00630156106870228,-0.00430233721375292
Tropical,ssp126,2068,-0.00538486259542004,-0.00430613391426347
Tropical,ssp126,2069,-0.0037625648854962,-0.00430716711060054
Tropical,ssp126,2070,-0.0053894503816796,-0.00430761407135911
Tropical,ssp126,2071,-0.0044415190839695,-0.00430694124179769
Tropical,ssp126,2072,-0.0042735534351146,-0.00430461506717484
Tropical,ssp126,2073,-0.00536373664122136,-0.00430010199274909
Tropical,ssp126,2074,-0.00442543893129788,-0.00429286846377897
Tropical,ssp126,2075,-0.00383681679389314,-0.00428238092552303
Tropical,ssp126,2076,-0.00476192748091608,-0.00426810582323981
Tropical,ssp126,2077,-0.00448746946564893,-0.00424950960218785
Tropical,ssp126,2078,-0.00545649618320621,-0.00422605870762567
Tropical,ssp126,2079,-0.00468027862595433,-0.00419721958481183
Tropical,ssp126,2080,-0.00309856870229019,-0.00416422829289872
Tropical,ssp126,2081,-0.00338109160305344,-0.00412854924145586
Tropical,ssp126,2082,-0.00405022519083986,-0.00408999140136747
Tropical,ssp126,2083,-0.00261868320610703,-0.00404836374351779
Tropical,ssp126,2084,-0.00539865648854976,-0.00400347523879103
Tropical,ssp126,2085,-0.00447670992366422,-0.00395513485807142
Tropical,ssp126,2086,-0.00347933206106887,-0.00390315157224319
Tropical,ssp126,2087,-0.00447654580152679,-0.00384733435219055
Tropical,ssp126,2088,-0.00311711450381691,-0.00378749216879774
Tropical,ssp126,2089,-0.00436189312977109,-0.00372343399294897
Tropical,ssp126,2090,-0.00240173664122145,-0.00365496879552847
Tropical,ssp126,2091,-0.00249731679389331,-0.00358221349478248
Tropical,ssp126,2092,-0.00243282824427493,-0.00350545985671648
Tropical,ssp126,2093,-0.00255326335877881,-0.00342477912385361
Tropical,ssp126,2094,-0.00455751526717574,-0.00334024253871698
Tropical,ssp126,2095,-0.00678711068702298,-0.00325192134382969
Tropical,ssp126,2096,-0.00415158778625968,-0.00315988678171488
Tropical,ssp126,2097,-0.00147164885496198,-0.00306421009489566
Tropical,ssp126,2098,-0.00287872900763375,-0.00296496252589514
Tropical,ssp126,2099,-0.00188620992366428,-0.00286221531723644
Tropical,ssp126,2100,-0.00296472519083979,-0.00275603971144268
Tropical,ssp245,2015,0,-0.00112197716419693
Tropical,ssp245,2016,-0.000216045801526565,-0.00123121268555948
Tropical,ssp245,2017,0.00041128625954201,-0.00133945045570432
Tropical,ssp245,2018,-0.000680507633587624,-0.0014466274815876
Tropical,ssp245,2019,-0.00334658778625951,-0.00155268077016548
Tropical,ssp245,2020,-0.00254569847328234,-0.0016575473283941
Tropical,ssp245,2021,-0.00297304961832046,-0.00176116416322963
Tropical,ssp245,2022,-0.00359897709923662,-0.00186346828162822
Tropical,ssp245,2023,-0.00149430534351147,-0.00196439669054602
Tropical,ssp245,2024,-0.00365185496183207,-0.00206388639693919
Tropical,ssp245,2025,-0.00335993893129771,-0.00216187440776388
Tropical,ssp245,2026,-0.00137086641221362,-0.00225832009958856
Tropical,ssp245,2027,-6.20610687023238e-05,-0.00235329340072643
Tropical,ssp245,2028,-0.00164125190839681,-0.00244689714575075
Tropical,ssp245,2029,-0.00527145801526707,-0.00253923416923478
Tropical,ssp245,2030,-0.00304528625954181,-0.00263040730575177
Tropical,ssp245,2031,-0.000928912213740363,-0.00272051938987497
Tropical,ssp245,2032,-0.00261521374045803,-0.00280967325617765
Tropical,ssp245,2033,-0.00294614885496181,-0.00289797173923305
Tropical,ssp245,2034,-0.0048142099236641,-0.00298551767361444
Tropical,ssp245,2035,-0.00424561068702278,-0.00307241389389506
Tropical,ssp245,2036,-0.00300783587786246,-0.00315876323464819
Tropical,ssp245,2037,-0.00322664503816794,-0.00324262529243057
Tropical,ssp245,2038,-0.00317764122137398,-0.00332253357242574
Tropical,ssp245,2039,-0.00274337404580138,-0.00339930177214709
Tropical,ssp245,2040,-0.00395461068702274,-0.003473743589108
Tropical,ssp245,2041,-0.00287012977099232,-0.00354667272082187
Tropical,ssp245,2042,-0.00364859923664107,-0.00361890286480209
Tropical,ssp245,2043,-0.00143705343511447,-0.00369124771856205
Tropical,ssp245,2044,-0.00127571374045798,-0.00376452097961514
Tropical,ssp245,2045,-0.0026046297709923,-0.00383953634547475
Tropical,ssp245,2046,-0.00398392366412215,-0.00391710751365427
Tropical,ssp245,2047,-0.00565040076335865,-0.00399804818166709
Tropical,ssp245,2048,-0.00570376717557242,-0.0040837033906783
Tropical,ssp245,2049,-0.00298278625954196,-0.00417411568806862
Tropical,ssp245,2050,-0.00391025572519066,-0.00426814503067494
Tropical,ssp245,2051,-0.00686511832061054,-0.00436465137533413
Tropical,ssp245,2052,-0.00573461450381663,-0.00446249467888307
Tropical,ssp245,2053,-0.00460822900763347,-0.00456053489815864
Tropical,ssp245,2054,-0.00576735114503801,-0.00465763198999771
Tropical,ssp245,2055,-0.00458307251908385,-0.00475264591123715
Tropical,ssp245,2056,-0.0028463854961831,-0.00484443661871385
Tropical,ssp245,2057,-0.00344919083969453,-0.00493186406926469
Tropical,ssp245,2058,-0.00635032061068697,-0.00501727917704882
Tropical,ssp245,2059,-0.00675293129770993,-0.00510343565418543
Tropical,ssp245,2060,-0.00472887786259535,-0.0051897976544514
Tropical,ssp245,2061,-0.00389618320610685,-0.00527582933162361
Tropical,ssp245,2062,-0.00349159541984734,-0.00536099483947895
Tropical,ssp245,2063,-0.00767876335877848,-0.00544475833179429
Tropical,ssp245,2064,-0.00510589312977094,-0.00552658396234653
Tropical,ssp245,2065,-0.0065746564885496,-0.00560593588491255
Tropical,ssp245,2066,-0.00773198854961832,-0.00568227825326923
Tropical,ssp245,2067,-0.00498689694656473,-0.00575507522119346
Tropical,ssp245,2068,-0.00381548854961822,-0.00582379094246211
Tropical,ssp245,2069,-0.00372112977099226,-0.00589082291248345
Tropical,ssp245,2070,-0.00586895038167934,-0.00595843339080761
Tropical,ssp245,2071,-0.0068638473282443,-0.00602588367742428
Tropical,ssp245,2072,-0.0049330992366412,-0.00609243507232319
Tropical,ssp245,2073,-0.00666380152671753,-0.00615734887549404
Tropical,ssp245,2074,-0.00766459160305333,-0.00621988638692652
Tropical,ssp245,2075,-0.00803441984732811,-0.00627930890661036
Tropical,ssp245,2076,-0.00713356488549621,-0.00633487773453526
Tropical,ssp245,2077,-0.00627867557251904,-0.00638585417069092
Tropical,ssp245,2078,-0.00560109160305333,-0.00643149951506706
Tropical,ssp245,2079,-0.00504868702290073,-0.00647107506765337
Tropical,ssp245,2080,-0.00653937786259529,-0.00650617504206397
Tropical,ssp245,2081,-0.00746349999999985,-0.00653876040982205
Tropical,ssp245,2082,-0.00706367175572509,-0.00656864260778093
Tropical,ssp245,2083,-0.00630188549618316,-0.00659563307279391
Tropical,ssp245,2084,-0.00559214885496173,-0.00661954324171431
Tropical,ssp245,2085,-0.00599039694656489,-0.00664018455139545
Tropical,ssp245,2086,-0.00646700381679377,-0.00665736843869063
Tropical,ssp245,2087,-0.00701379007633585,-0.00667090634045317
Tropical,ssp245,2088,-0.00840295419847315,-0.00668060969353639
Tropical,ssp245,2089,-0.00800170229007624,-0.0066862899347936
Tropical,ssp245,2090,-0.00689783969465641,-0.00668775850107811
Tropical,ssp245,2091,-0.00614274427480899,-0.00668499938891718
Tropical,ssp245,2092,-0.00610448473282443,-0.00667818265044545
Tropical,ssp245,2093,-0.00676477862595415,-0.00666739880592732
Tropical,ssp245,2094,-0.00705670229007627,-0.00665273837562721
Tropical,ssp245,2095,-0.00630255343511443,-0.00663429187980951
Tropical,ssp245,2096,-0.00731222137404575,-0.00661214983873863
Tropical,ssp245,2097,-0.00809307633587775,-0.00658640277267898
Tropical,ssp245,2098,-0.00607146183206098,-0.00655714120189496
Tropical,ssp245,2099,-0.00516479389312963,-0.00652445564665097
Tropical,ssp245,2100,-0.00581458015267167,-0.00648843662721142
Tropical,ssp370,2015,0,-0.00210875147264108
Tropical,ssp370,2016,-0.00171824045801539,-0.0021577018501272
Tropical,ssp370,2017,-0.0021422099236641,-0.00220902759480613
Tropical,ssp370,2018,-0.00440391984732824,-0.00226269979372121
Tropical,ssp370,2019,-0.0060509885496185,-0.00231868953391578
Tropical,ssp370,2020,-0.00145355343511455,-0.00237696790243319
Tropical,ssp370,2021,-0.000578927480916036,-0.00243750598631676
Tropical,ssp370,2022,-0.00191419847328245,-0.00250027487260985
Tropical,ssp370,2023,-0.00296523282442762,-0.0025652456483558
Tropical,ssp370,2024,-0.000904885496183283,-0.00263238940059793
Tropical,ssp370,2025,-0.00212414503816794,-0.00270167721637961
Tropical,ssp370,2026,-0.00353485496183215,-0.00277318821014228
Tropical,ssp370,2027,-0.00496986259541998,-0.00284702837702129
Tropical,ssp370,2028,-0.00204151145038178,-0.00292320912510072
Tropical,ssp370,2029,-0.00261227862595437,-0.00300174186246471
Tropical,ssp370,2030,-0.0033539732824428,-0.00308263799719736
Tropical,ssp370,2031,-0.00319372137404583,-0.00316590893738279
Tropical,ssp370,2032,-0.00335560687022918,-0.0032515660911051
Tropical,ssp370,2033,-0.00447095801526731,-0.00333962086644841
Tropical,ssp370,2034,-0.00370475190839703,-0.00343008467149684
Tropical,ssp370,2035,-0.00443462213740453,-0.00352296891433449
Tropical,ssp370,2036,-0.00403298091603066,-0.00361828500304548
Tropical,ssp370,2037,-0.00421027480916036,-0.00371615808851723
Tropical,ssp370,2038,-0.00295588167938932,-0.00381667576168539
Tropical,ssp370,2039,-0.00356642748091618,-0.00391979309070635
Tropical,ssp370,2040,-0.00472490076335874,-0.00402546514373652
Tropical,ssp370,2041,-0.00220647709923671,-0.00413364698893231
Tropical,ssp370,2042,-0.00363486641221389,-0.00424429369445013
Tropical,ssp370,2043,-0.00416091221374049,-0.00435736032844638
Tropical,ssp370,2044,-0.00529390076335878,-0.00447280195907748
Tropical,ssp370,2045,-0.00242253435114503,-0.00459057365449983
Tropical,ssp370,2046,-0.00385385114503833,-0.00471063048286984
Tropical,ssp370,2047,-0.00540952290076335,-0.00483292751234392
Tropical,ssp370,2048,-0.00396565648854974,-0.00496191490208966
Tropical,ssp370,2049,-0.00288581679389321,-0.00510064069753902
Tropical,ssp370,2050,-0.00594067938931309,-0.00524695679624495
Tropical,ssp370,2051,-0.00674889312977101,-0.0053987150957604
Tropical,ssp370,2052,-0.00820803435114503,-0.00555376749363831
Tropical,ssp370,2053,-0.0072761641221375,-0.00570996588743163
Tropical,ssp370,2054,-0.00535743893129781,-0.0058651621746933
Tropical,ssp370,2055,-0.00570290839694665,-0.00601720825297627
Tropical,ssp370,2056,-0.00562446946564887,-0.00616395601983348
Tropical,ssp370,2057,-0.00621147328244276,-0.00630325737281789
Tropical,ssp370,2058,-0.00778215267175586,-0.00643775475981064
Tropical,ssp370,2059,-0.00655623664122151,-0.00657147272229066
Tropical,ssp370,2060,-0.00551150000000011,-0.00670433629820763
Tropical,ssp370,2061,-0.00634337786259542,-0.00683627052551119
Tropical,ssp370,2062,-0.00728204961832057,-0.006967200442151
Tropical,ssp370,2063,-0.00911037786259539,-0.00709705108607672
Tropical,ssp370,2064,-0.00635404198473277,-0.00722574749523801
Tropical,ssp370,2065,-0.00480203053435124,-0.00735321470758452
Tropical,ssp370,2066,-0.00675108778625955,-0.00747937776106591
Tropical,ssp370,2067,-0.00940769465648872,-0.00760416169363183
Tropical,ssp370,2068,-0.00975239312977116,-0.00772749154323194
Tropical,ssp370,2069,-0.00868814122137418,-0.00784530417825248
Tropical,ssp370,2070,-0.00675996946564883,-0.00795525889456037
Tropical,ssp370,2071,-0.00685975190839705,-0.00805986437132634
Tropical,ssp370,2072,-0.00922948091603071,-0.00816162928772109
Tropical,ssp370,2073,-0.00820612977099233,-0.00826306232291533
Tropical,ssp370,2074,-0.00832324809160312,-0.00836667215607978
Tropical,ssp370,2075,-0.00858459541984735,-0.00847496746638514
Tropical,ssp370,2076,-0.00914518320610691,-0.00859045693300214
Tropical,ssp370,2077,-0.00838292366412219,-0.00871564923510147
Tropical,ssp370,2078,-0.00980983206106867,-0.00885305305185385
Tropical,ssp370,2079,-0.00926808015267189,-0.00900517706242999
Tropical,ssp370,2080,-0.00808736641221386,-0.00916668947465095
Tropical,ssp370,2081,-0.00813675954198478,-0.00933085758780398
Tropical,ssp370,2082,-0.00816047328244274,-0.00949808871825904
Tropical,ssp370,2083,-0.0107376068702292,-0.00966879018238614
Tropical,ssp370,2084,-0.00914991603053439,-0.00984336929655525
Tropical,ssp370,2085,-0.00887949618320616,-0.0100222333771364
Tropical,ssp370,2086,-0.00932824809160304,-0.0102057897404994
Tropical,ssp370,2087,-0.00815867557251915,-0.0103944457030145
Tropical,ssp370,2088,-0.0100215916030535,-0.0105886085810515
Tropical,ssp370,2089,-0.0122067786259543,-0.0107886856909804
Tropical,ssp370,2090,-0.011508538167939,-0.0109950843491713
Tropical,ssp370,2091,-0.0108312251908398,-0.0112078981319833
Tropical,ssp370,2092,-0.0100369885496183,-0.0114268187755643
Tropical,ssp370,2093,-0.0117048435114504,-0.0116516508359666
Tropical,ssp370,2094,-0.0122185610687025,-0.0118821988692429
Tropical,ssp370,2095,-0.0138691374045803,-0.0121182674314456
Tropical,ssp370,2096,-0.0129656450381681,-0.0123596610786271
Tropical,ssp370,2097,-0.0113738854961833,-0.0126061843668401
Tropical,ssp370,2098,-0.0137983435114504,-0.012857641852137
Tropical,ssp370,2099,-0.0131086374045801,-0.0131138380905704
Tropical,ssp370,2100,-0.0137940839694657,-0.0133745776381926
Tropical,ssp585,2015,0,-0.00143062036215524
Tropical,ssp585,2016,-0.000341900763358938,-0.00155890479790499
Tropical,ssp585,2017,-0.00159438167938952,-0.00168808306198541
Tropical,ssp585,2018,-0.00231559541984749,-0.00181803244558988
Tropical,ssp585,2019,-0.00290442366412225,-0.00194863023991175
Tropical,ssp585,2020,-0.00179259923664121,-0.00207975373614438
Tropical,ssp585,2021,-0.00157352671755739,-0.00221128022548113
Tropical,ssp585,2022,-0.00398064885496185,-0.00234308699911537
Tropical,ssp585,2023,-0.00316201145038186,-0.00247505134824046
Tropical,ssp585,2024,-0.00439236641221386,-0.00260705056404976
Tropical,ssp585,2025,-0.00208783587786265,-0.00273896193773662
Tropical,ssp585,2026,-0.00213944274809164,-0.0028706170599371
Tropical,ssp585,2027,-0.00239545801526719,-0.00300208708889892
Tropical,ssp585,2028,-0.00182263358778645,-0.00313360866723305
Tropical,ssp585,2029,-0.00363379770992367,-0.00326541843755042
Tropical,ssp585,2030,-0.00608629007633588,-0.00339775304246199
Tropical,ssp585,2031,-0.00581464122137421,-0.00353084912457869
Tropical,ssp585,2032,-0.00267030916030553,-0.00366494332651149
Tropical,ssp585,2033,-0.00219073664122149,-0.00380027229087132
Tropical,ssp585,2034,-0.00419625572519089,-0.00393707266026913
Tropical,ssp585,2035,-0.0058181297709925,-0.00407558107731586
Tropical,ssp585,2036,-0.00479377099236644,-0.00421603418462247
Tropical,ssp585,2037,-0.0033206603053435,-0.00435519314776383
Tropical,ssp585,2038,-0.00528439694656502,-0.00449049150065313
Tropical,ssp585,2039,-0.00400120992366415,-0.00462317443840881
Tropical,ssp585,2040,-0.00315184351145037,-0.00475448715614929
Tropical,ssp585,2041,-0.00384291984732843,-0.00488567484899299
Tropical,ssp585,2042,-0.00559874045801534,-0.00501798271205835
Tropical,ssp585,2043,-0.00625606488549635,-0.00515265594046378
Tropical,ssp585,2044,-0.00494668702290091,-0.00529093972932772
Tropical,ssp585,2045,-0.0054914351145039,-0.00543407927376859
Tropical,ssp585,2046,-0.00402111450381693,-0.00558331976890482
Tropical,ssp585,2047,-0.00439603435114511,-0.00573990640985484
Tropical,ssp585,2048,-0.00705718320610704,-0.00590628854010791
Tropical,ssp585,2049,-0.00960007251908412,-0.00608273481841827
Tropical,ssp585,2050,-0.00648027862595435,-0.00626721941280179
Tropical,ssp585,2051,-0.00526348854961833,-0.00645771649127436
Tropical,ssp585,2052,-0.0045300534351147,-0.00665220022185184
Tropical,ssp585,2053,-0.00578312977099249,-0.00684864477255011
Tropical,ssp585,2054,-0.00818451526717556,-0.00704502431138505
Tropical,ssp585,2055,-0.00753904961832075,-0.00723931300637254
Tropical,ssp585,2056,-0.00632780534351163,-0.00742948502552843
Tropical,ssp585,2057,-0.00851173282442752,-0.00761351453686863
Tropical,ssp585,2058,-0.00800464122137412,-0.0077951401977023
Tropical,ssp585,2059,-0.00661539694656499,-0.00797916195406693
Tropical,ssp585,2060,-0.00774940458015272,-0.00816514590707085
Tropical,ssp585,2061,-0.0103134809160306,-0.0083526581578224
Tropical,ssp585,2062,-0.0095675114503817,-0.00854126480742991
Tropical,ssp585,2063,-0.0081364351145039,-0.00873053195700173
Tropical,ssp585,2064,-0.00899241603053436,-0.00892002570764618
Tropical,ssp585,2065,-0.011277648854962,-0.0091093121604716
Tropical,ssp585,2066,-0.0100364236641222,-0.00929795741658632
Tropical,ssp585,2067,-0.00797090839694659,-0.00948552757709869
Tropical,ssp585,2068,-0.00705373282442756,-0.00967158874311703
Tropical,ssp585,2069,-0.00977522137404585,-0.00985519538442199
Tropical,ssp585,2070,-0.0123072366412216,-0.0100363154640597
Tropical,ssp585,2071,-0.0102856564885496,-0.0102158853230369
Tropical,ssp585,2072,-0.00962501526717574,-0.0103948413023601
Tropical,ssp585,2073,-0.0126409389312978,-0.0105741197430359
Tropical,ssp585,2074,-0.0104924389312977,-0.010754656986071
Tropical,ssp585,2075,-0.0108430877862595,-0.0109373893724719
Tropical,ssp585,2076,-0.0117527213740458,-0.0111232532432454
Tropical,ssp585,2077,-0.00976209541984741,-0.0113131849393979
Tropical,ssp585,2078,-0.00894711450381691,-0.0115081208019362
Tropical,ssp585,2079,-0.0113653854961833,-0.0117089971718668
Tropical,ssp585,2080,-0.0120390038167939,-0.0119136993108707
Tropical,ssp585,2081,-0.0117871755725192,-0.012119608899476
Tropical,ssp585,2082,-0.0124708511450382,-0.0123269069069602
Tropical,ssp585,2083,-0.0155299961832063,-0.0125357743026008
Tropical,ssp585,2084,-0.0113707251908397,-0.0127463920556754
Tropical,ssp585,2085,-0.0132653473282445,-0.0129589411354615
Tropical,ssp585,2086,-0.0121216755725191,-0.0131736025112366
Tropical,ssp585,2087,-0.013605755725191,-0.0133905571522783
Tropical,ssp585,2088,-0.0126895572519086,-0.0136099860278639
Tropical,ssp585,2089,-0.0127904389312978,-0.0138320701072712
Tropical,ssp585,2090,-0.0141067938931299,-0.0140569903597775
Tropical,ssp585,2091,-0.0152165305343512,-0.0142847713158093
Tropical,ssp585,2092,-0.0145500343511451,-0.0145152646056922
Tropical,ssp585,2093,-0.0145958320610688,-0.0147483918485526
Tropical,ssp585,2094,-0.0141500305343512,-0.0149840746635171
Tropical,ssp585,2095,-0.0155361793893132,-0.0152222346697119
Tropical,ssp585,2096,-0.0156961259541986,-0.0154627934862636
Tropical,ssp585,2097,-0.0157026183206108,-0.0157056727322985
Tropical,ssp585,2098,-0.0187194236641222,-0.0159507940269432
Tropical,ssp585,2099,-0.0168596183206109,-0.0161980789893241
Tropical,ssp585,2100,-0.0141676297709925,-0.0164474492385676
