iata,traffic
ATL,106893692
PEK,102607733
LAX,85353489
DXB,83885803
ORD,82178586
LHR,79503185
HND,76258178
PVG,75796080
CDG,75294622
CAN,73324707
HKG,71646373
DFW,71323860
AMS,70194577
DEL,69584339
FRA,68897126
ICN,68525506
SIN,67112347
DEN,66933964
IST,65543666
BKK,63290345
JFK,62508366
KUL,62107254
MAD,61113285
CGK,59113567
SFO,55466611
CTU,53699796
SZX,53032086
BCN,52082777
SEA,49908383
MEX,49889788
YYZ,49671134
MCO,49176047
LAS,48864787
CLT,48355004
SVO,48266480
BOM,48013340
TPE,47601892
MNL,47127119
MUC,47096363
KMG,46841760
EWR,46246543
XIY,45891309
SYD,45867841
LGW,45744616
SHA,45736120
PHX,44618187
IAH,43711567
FCO,43468941
GRU,43190694
CKG,43175921
MIA,42625926
NRT,42141129
BOS,41327895
DMK,41067387
SGN,39808122
MEL,38432860
HGH,38266095
MSP,38230943
DOH,37485426
FLL,36192221
DTW,36141953
SAW,35126937
JED,34854963
BOG,34147304
BLR,33919198
DUB,32436141
ZRH,32333772
PHL,32243699
ORY,32138631
VIE,31140162
LGA,30732313
KIX,30659625
LIS,30160691
NKG,29486274
CPH,29449543
MAN,29219442
MXP,28769097
PMI,28634273
CJU,28298164
HAN,28229136
STN,27907304
OSL,27717821
XMN,27158687
CGO,26802787
BWI,26333575
DUS,26316595
YVR,26309396
BRU,25785525
SLC,25586374
WUH,25541277
ATH,25365138
ARN,25364173
DME,25202334
SAN,25181897
LIM,25165344
SCL,25033390
RUH,24820366
CSX,24678185
TAO,24668914
CUN,24667412
BNE,24630567
HYD,24627017
TXL,24219002
IAD,23797703
DPS,23673172
GMP,23652691
URC,23583373
HAK,23426455
MAA,23306436
AYT,23277956
CCU,23264543
DCA,23148134
TSN,22949315
TLV,22890698
CGH,22689601
FUK,22018699
TPA,21784105
HEL,21737926
CTS,21555919
JNB,21120080
KWE,20576521
AUH,20480178
AKL,20466631
HNL,20362514
MDW,20199351
HRB,20152695
YUL,20128465
OKA,20100470
DLC,19726630
PDX,19505884
VKO,19445189
AGP,19377549
SHE,19374337
SYX,19361410
SUB,18658631
GVA,18346193
LTN,18140663
CAI,18017423
WAW,17705245
BNA,17686774
YYC,17557153
HAM,17545466
HKT,17433998
LED,17134803
PUS,16944450
PRG,16856847
BSB,16783311
PTY,16712033
AUS,16638333
DAL,15987376
TNA,15935634
BUD,15771966
MCT,15652241
STL,15554619
NNG,15343612
SJC,15244426
ITM,15095287
KWI,14914293
FOC,14790233
EDI,14744915
ALC,14734423
GDL,14622961
NCE,14409391
OTP,14284214
HOU,14032458
LHW,13971500
DAD,13935325
GIG,13904486
ESB,13875201
BGY,13675150
MSY,13631606
RDU,13625746
CGQ,13341128
PER,13341088
AEP,13206463
OAK,13198156
ADD,13165751
TYN,13063146
STR,12835946
SMF,12804522
BHX,12742963
EZE,12697876
OPO,12647386
CEB,12621020
KHN,12524512
NGO,12407406
CGN,12391662
HET,12356934
WNZ,12142742
ZUH,11975239
LPA,11931251
AMD,11915238
LYS,11713459
ADB,11701641
NGB,11608578
VCE,11583074
MCI,11482345
HFE,11257238
KBP,11223092
CNX,11171932
UPG,11141200
SXF,11056766
MTY,10802977
DAC,10787384
COK,10773335
NAP,10724313
CNF,10644137
SJW,10592327
CMN,10551112
INC,10482898
TFS,10400202
VCP,10343284
SHJ,10299519
SNA,10286917
CMB,10207689
CPT,10191720
CTA,10089812
MRS,10038462
SAT,10021887
RSW,9950211
CLE,9774288
MFM,9760608
BAH,9631453
BKI,9502766
TLS,9495034
YNT,9484792
PIT,9431738
IND,9414566
BLQ,9397772
SJU,9345700
PEN,9040930
MDE,9001596
SDU,8973776
BRS,8943589
ADL,8893500
GLA,8775620
CVG,8769621
FAO,8730888
TIJ,8679207
REC,8671451
GOI,8562883
PNQ,8537035
VLC,8442574
CMH,8383750
BSL,8379798
THR,8378080
BEY,8348199
KRK,8280616
AMM,8227180
JJN,8223823
POA,8170187
KNO,8140645
CRL,8116110
DMM,8109865
KWL,8073899
YEG,8060575
IBZ,8049120
NBO,7950232
WUX,7828083
BOD,7825968
KHH,7714421
ALG,7665577
JOG,7650414
SVQ,7578663
OGG,7560793
SSA,7469132
RIX,7280502
MLA,7217101
KEF,7191452
SWA,7190275
FOR,7187111
MED,7178629
NTE,7170709
XNN,7099438
ACE,6979532
SOF,6963889
JAX,6931436
LCA,6904866
LJG,6892636
CHC,6874486
RGN,6872121
PUJ,6841781
PMO,6819276
PBI,6816931
SKG,6805688
MKE,6797626
KTM,6794242
KHI,6743360
TSA,6735329
BDL,6705110
CXR,6692392
HLP,6642868
LIN,6562480
OOL,6550846
LOS,6523251
PNH,6495219
WLG,6490298
GOT,6474152
RAK,6465922
BPN,6457597
GAU,6444321
CWB,6404129
HER,6359571
TUN,6352658
BFS,6311808
BGO,6295046
OVB,6282327
EIN,6246233
IKA,6158411
HAJ,6126444
KCH,6075980
BUR,5983659
CIA,5934023
TFN,5867989
BIO,5854377
LKO,5755619
BEG,5754355
AER,5723053
HAV,5698703
KOJ,5624711
ALA,5603034
DUR,5593789
SJO,5579190
BRI,5578022
PSA,5508061
ONT,5471686
CTG,5467911
CLO,5440490
ANC,5436694
SVX,5423272
JAI,5409687
NAY,5381134
SJD,5344065
UIO,5335389
ISB,5305676
YOW,5286264
ABQ,5246967
FUE,5230082
NCL,5187501
LCY,5174544
GDN,5138907
MLE,5138735
CNS,5105812
BTH,5102801
JHG,5081714
LPL,5034632
PLM,4992539
OMA,4960315
ADA,4959546
BUF,4936861
SRG,4895409
SAL,4892963
PVR,4819812
TAE,4819186
LHE,4797743
CAG,4785045
CHS,4747310
LXA,4713453
EMA,4702106
MBJ,4680829
MEM,4663801
JHB,4630222
SIP,4606917
HRG,4596959
DVO,4563003
PAT,4535850
REP,4495468
TAS,4422246
MSQ,4412642
TSE,4389848
RIC,4379183
GYD,4374717
YWG,4357894
VNO,4355961
RNO,4347453
TRD,4312365
OKC,4298654
LUX,4271812
KRR,4255338
YHZ,4250754
CRK,4209790
RHO,4184841
SDQ,4157871
SDF,4130552
BOI,4116610
ABV,4110600
SVG,4108854
NUE,4088807
ORF,4063086
BBI,4059867
TRN,4057459
MHD,4047866
BVA,4020847
GYE,4005382
LBA,4000937
PNK,3980877
DLM,3970716
PVD,3966327
TRV,3938500
MIG,3938172
CUZ,3902008
GEG,3888506
TBS,3847816
NAS,3824229
AHB,3822444
KOA,3795347
HDY,3774748
ECN,3774631
MRU,3763471
KBV,3763262
FLN,3763030
GUM,3745017
BJV,3683024
KTW,3675405
TUS,3668314
TZX,3630047
CCJ,3613240
GRR,3582595
CZX,3575215
PKU,3540594
BEL,3526723
VRN,3504914
BDJ,3496493
PDG,3491869
LGB,3486258
VVI,3477271
ELP,3437097
TSF,3426206
COR,3415790
TIA,3412110
ZAG,3378569
PQC,3375671
MAH,3349313
IXB,3346595
BGW,3339960
CBR,3316509
SDJ,3310051
GUA,3269418
NAG,3258134
VIX,3252856
VNS,3224518
LIH,3223957
POS,3206800
LOP,3206000
WRO,3185753
BDO,3183514
GYN,3177287
IDR,3175633
VVO,3159806
CJB,3152576
BLL,3149345
SFB,3136784
OLB,3087470
KNH,3084174
KRT,3082656
WMI,3063370
MZG,3063275
SPU,3063164
ZHA,3049134
KMJ,3046930
BHM,3042018
ALB,3041722
SXR,3036320
TUL,3029281
NTG,3023399
SUF,3014337
EVN,3012918
UKB,2997324
LGK,2995969
CGB,2959999
MYJ,2957327
RMQ,2955960
NGS,2953709
MAO,2953381
KIV,2945653
VTZ,2933543
YIH,2931862
SAV,2931109
KZN,2924751
CFU,2923640
CCS,2897854
YTZ,2895092
FNC,2890064
HIJ,2875902
DSM,2874857
TLL,2874641
ILO,2864962
SCQ,2860657
FLR,2855139
CEI,2838785
PFO,2835643
ROV,2834417
MDC,2827216
CJJ,2814909
SZB,2813650
ACC,2813125
HBA,2802091
ATQ,2797855
WEH,2793882
DJJ,2760181
CLJ,2754203
LPB,2753575
DYG,2748004
MID,2734840
DBV,2729472
XUZ,2728197
BAQ,2720493
DTM,2720203
AUA,2714119
BJX,2691570
HUZ,2686863
BDS,2652033
IEV,2628973
PSP,2627646
KUF,2626652
BMA,2615410
KMI,2612574
MYR,2584760
ROC,2581217
SYR,2568727
ORK,2560180
UFA,2557631
IXR,2550420
YTY,2549626
DSS,2543807
UTH,2540981
KLO,2537394
VTE,2522633
GSP,2517880
KHG,2512387
CBB,2511241
HPH,2508772
HLD,2502814
NAN,2483476
BHD,2481005
TYS,2461754
MYY,2459291
YCU,2433573
ABZ,2431143
CUL,2420469
LEJ,2420264
ISG,2419903
ZQN,2414880
GZT,2410416
BHY,2408445
NYO,2407717
DSN,2403087
UYN,2390163
BGI,2388028
IKT,2381899
RUN,2371229
TKG,2353287
MRV,2345791
GIZ,2335100
RPR,2334958
KJA,2332943
IXC,2325003
KRL,2321679
SKP,2320901
CJC,2320772
MSN,2307681
IGU,2302212
NAT,2300168
DAR,2286669
CGY,2284675
ABJ,2284119
ASB,2282769
SMR,2274915
PPS,2269295
USM,2269030
TOS,2265899
KGD,2253266
PNS,2251337
YLW,2242616
ANF,2241368
BRE,2236196
PTP,2235974
PIE,2231653
KOE,2230839
CHQ,2227550
MDZ,2227152
PRN,2226110
KBL,2224128
KGS,2215082
PWM,2215027
JTR,2207917
LIT,2205613
ASR,2202432
HBE,2190190
LYI,2169840
DRW,2169007
LAD,2161155
GSO,2157064
TRF,2153760
LUM,2149261
BAV,2139843
ADZ,2139513
MDL,2132637
SOC,2127295
KHV,2124413
KOS,2119562
BTS,2111321
MCZ,2106702
TAK,2106178
LIL,2103589
SYZ,2096960
HIA,2095781
SSH,2080696
BZE,2073260
AGA,2071565
YYJ,2063641
PGK,2061284
SOQ,2023814
YNZ,2016677
HLA,2001709
VII,2000935
FRU,1995984
MVD,1995463
SEN,1981757
YIW,1976947
MMX,1975299
BOJ,1974365
KWJ,1955077
FDF,1953241
MPH,1950609
IXE,1950478
POM,1945490
MPL,1938943
KKC,1938013
DLU,1937094
FAT,1935967
TJM,1933462
AQP,1924501
BGA,1923824
POZ,1899746
ZYI,1896527
NVT,1893171
EBL,1889879
NJF,1886037
SRQ,1884887
HUI,1877804
PEI,1876244
YQB,1875618
URT,1863609
SBW,1860881
GRO,1859729
DLI,1859326
YNJ,1857486
PMC,1850578
KBR,1843449
BWN,1842088
CGP,1839904
IXZ,1825167
LZO,1822575
ORN,1816471
TSV,1816049
HMO,1810078
STV,1809389
PDL,1799060
BPS,1798720
TWU,1782606
BOO,1775671
XNA,1773991
SOU,1773985
KIN,1768780
AKU,1768352
PLZ,1766846
UBP,1751766
AZA,1750231
PKX,1749570
MHT,1746198
IXJ,1744905
FMM,1742908
EBB,1741148
LJU,1732613
ICT,1731442
DAY,1727670
LWO,1719519
TUU,1705963
CIF,1703403
HPN,1701222
BCD,1699922
RTM,1698175
TRZ,1691654
DIY,1688339
COS,1684329
CUU,1680937
JER,1677628
MMY,1676564
KOW,1671074
KCZ,1667252
KMQ,1666736
STI,1663409
SGC,1662541
CCP,1657037
HTN,1654071
SLZ,1653662
OIT,1642443
CWL,1641606
VPS,1633798
DJB,1631008
PLW,1622252
IXM,1618840
SZG,1614877
XFN,1614304
TSR,1604084
YXE,1602395
LYG,1593764
PGD,1593448
AVL,1589404
CJS,1587308
YIN,1585960
TRK,1581315
LZH,1579105
SNN,1577459
FEZ,1576580
IQQ,1574247
BZN,1570473
OKJ,1554119
ELQ,1553529
UTP,1552425
ISP,1549163
CGR,1548869
BRC,1545345
GOA,1526441
CNN,1518834
JMK,1516629
ODS,1515966
YYT,1515609
AJA,1511282
DJE,1503396
DRS,1497031
CEK,1495842
MDT,1495697
AAQ,1495382
PEE,1492417
SPC,1476324
VER,1475681
TGZ,1475559
DWC,1469517
VAR,1468738
AAL,1458548
ASU,1458327
HHN,1456830
BIA,1453757
UDR,1450379
AXT,1445633
TCZ,1443940
SXB,1433328
SXM,1433184
SZF,1431990
LST,1425753
KGL,1423194
HKD,1421158
UIH,1420053
DED,1419239
HSN,1417666
HSV,1413337
ZIA,1409851
LEX,1408048
DYU,1406197
AMQ,1405597
VCA,1405003
IXA,1404584
ZTH,1401358
MCX,1398288
LYA,1397507
TNG,1396396
CUR,1391668
OVD,1390431
DSA,1387590
TAG,1386155
BTV,1381491
IGR,1379887
OSS,1371603
GCM,1370904
BHO,1369297
PEW,1362666
VAN,1361219
AHO,1360170
MAF,1356454
SLL,1355037
JPA,1354504
TKS,1353319
NTL,1349950
MBA,1348830
CID,1338928
LCG,1335511
WMT,1334011
FKB,1332350
TAC,1329759
PAP,1325615
IMF,1324380
STT,1323192
HAS,1320065
CAE,1319464
PUQ,1317581
MCY,1317503
SEZ,1301952
VRA,1298369
MIR,1296504
NST,1286598
SLA,1285782
WDS,1282942
SID,1280909
ENH,1272121
VGA,1271555
AVV,1265358
ZNZ,1263011
GRX,1262492
PLS,1262225
HYN,1255002
NRN,1254766
TGD,1252937
ULN,1246513
PPT,1243885
IAS,1240355
AWZ,1238411
ECP,1234211
MPM,1232427
BDQ,1232277
BTU,1229762
YQR,1229524
LSC,1220117
VSA,1215957
HTY,1214601
MGA,1214581
AOJ,1214408
BSD,1210939
ACX,1205900
KDI,1198902
BES,1197308
EUG,1192201
OMS,1192174
ITO,1187361
UUS,1184266
LIR,1181775
VOG,1179726
SGF,1178763
MXL,1177207
DAT,1173919
SDR,1172230
FAI,1169546
UDI,1169378
KUN,1168492
HRE,1168372
ZAM,1162810
MUX,1157255
THE,1154278
FSD,1154197
OAX,1152717
YKS,1148210
IQT,1146621
QRO,1145740
SJJ,1143495
XIC,1140677
EOH,1131268
TIF,1125065
AES,1124567
JAN,1119722
NQN,1117685
AJU,1115068
XRY,1114839
BIQ,1111991
SDK,1106751
KIJ,1104828
TNR,1103835
LLA,1103607
CHA,1101908
SAP,1101331
TAB,1096519
KRY,1094782
OUL,1093973
DUD,1090471
RBA,1089825
MLG,1087298
RMU,1083721
ILM,1082617
KKJ,1080825
NSN,1079772
BTJ,1079060
NNY,1072135
KRS,1071879
WXN,1069296
MDG,1067853
PIU,1067072
CUC,1065419
MFR,1062178
ACY,1060399
TBZ,1057353
TIV,1054614
OGU,1052521
LBB,1046011
MZT,1044111
ASJ,1043927
SPN,1043699
DLA,1038356
ANU,1034671
VGO,1032759
GES,1032700
MTR,1032101
ZCO,1025160
TGG,1024693
NKM,1024524
RMF,1019071
FIH,1016649
TJQ,1007155
CGD,1006418
REU,1004607
TGO,1001010
WDH,999689
EXT,996900
ERZ,994214
JNG,993204
LDB,988451
CZL,987089
EYW,986264
INN,985984
SBA,985869
USH,983676
LAP,983159
AOR,974814
IZO,973545
TIR,971805
YXX,962436
UME,959678
BFJ,959077
FAR,957473
RDM,956360
KYA,955539
THD,955462
NAO,954216
SPR,954215
DNH,950844
LPQ,944873
GOJ,942612
BIL,941846
FMO,940753
MWX,939741
TEN,930537
LEI,928405
MMK,926969
INV,925209
LUN,915717
ARI,913715
RAO,913330
BKO,913187
HRK,911348
PHC,910967
TUC,910764
TPP,910740
TTN,910649
MSO,908007
MKY,906172
ABE,903465
HDG,902149
EZS,900408
KUT,900163
BMV,898666
TTE,895797
JAC,895402
DQA,893819
HEH,893418
HNY,887041
SKT,884346
GRZ,881918
PSC,880475
BKS,880248
BDA,873961
RIZ,873815
VCL,873422
SCO,872094
YBP,869748
LFW,862875
RNS,861410
HUX,860790
YHM,860572
MLM,857581
PKY,856734
ELS,854906
YQT,851812
IOM,849169
JRO,848692
CAK,842338
FSZ,839794
AGU,837393
NUX,835447
LBV,832194
TLH,831149
NBE,830351
ACA,827914
AKJ,827253
SBN,827110
GZP,827060
TXN,825185
CIH,821137
FWA,820502
IXL,820465
DOY,820447
IBR,816900
JNU,816577
MFE,814725
NDR,812791
KIH,811441
JGS,808937
SRI,803564
JMU,800260
FUO,800211
HSG,800009
BSR,799718
DGT,798817
BTR,798563
GCI,796222
NOC,792683
ATW,792300
TIP,792284
HLH,791917
IFN,785787
SYM,785174
KUH,782914
ZAD,781522
GUW,778989
NPE,775892
CHO,775566
YNB,773910
UBJ,772667
SJP,770102
PVH,767269
CIT,763867
ENY,763833
FUG,762275
BOH,756657
REN,754303
LBJ,753680
POP,753222
YGJ,745468
XIL,742859
TRS,742839
PBC,741647
BQN,741624
ARH,738375
MLI,732577
RZE,732320
TAM,729888
FSC,729846
ROA,727559
EVE,726505
NBC,725189
AAP,724791
MMB,724662
PUY,724470
YZF,724259
SBZ,723872
AMA,723156
SNU,722531
MLX,721488
BND,721239
CIX,720168
PSR,719562
VOZ,718609
PKC,718299
PHS,717261
RAP,716949
LZY,716138
FCA,715038
FTE,713474
UVF,710609
LXR,708753
EFL,708540
MGF,707951
GNY,707223
SAG,706487
LGP,702627
HOG,701551
GRB,699508
ROS,698114
NBS,696887
PIA,692863
DAB,692826
TGU,692556
LBU,692387
TRC,691384
BBA,689107
PAE,688065
RAI,687839
PKN,685319
MOB,683060
PMR,680882
YXU,680696
GOP,680426
LBD,680170
PCL,675801
PXU,675747
YQM,675463
DIG,674470
HRL,668758
GRJ,667986
MLH,663062
CRD,662695
CRP,660811
BLI,660336
AGS,659222
PMV,658332
SHV,657265
TOF,656836
PUF,655431
TST,649458
COO,647217
USU,646142
JGN,645157
OUD,643278
RSU,641510
PAD,641169
NJC,640318
RVN,640132
LFQ,638855
PIK,638426
BIS,634237
TIM,634133
BXU,633084
YMM,632164
HBX,632037
PBM,627102
BGR,625619
MKW,624361
KER,624113
ROK,621883
CPO,620053
TER,620032
ASF,619201
TRU,619140
ASP,618878
OUA,616309
MXZ,615180
SLP,615046
PMW,613648
MJI,612204
ASE,611559
HAU,611250
AAT,610568
FNT,609043
TZL,603895
BAR,603592
ETM,602210
WUS,601321
AVP,600933
KAN,600429
OBO,599849
MCP,599003
CCC,594185
DNZ,593611
GEO,593295
BUS,592336
TLC,589278
ZIH,587787
TOY,584368
ZYL,582959
GPT,582387
WIL,581115
BQS,580182
CKY,579951
SWF,575975
SRE,574696
NSK,572385
TVC,572143
GTO,569013
BWX,568618
DEB,568431
YXS,567474
NSI,566067
AJF,565354
MQM,560975
PZI,560974
LYP,557305
HNA,555381
HZG,555326
XAI,554336
TNN,553043
NOU,552691
JOI,551162
CXB,551105
BNK,548451
SMQ,545729
IWK,544196
LNJ,542560
LFT,542127
PBH,540656
CJA,537077
JDO,535805
CAY,535369
BAL,532334
VLI,531885
STM,531147
ABD,531024
CZM,530704
GNV,529452
SBP,528309
WUA,526246
SSG,524767
KJT,522944
ISU,522431
ASW,522255
TRG,519560
BVC,518450
BJL,515921
KSY,514849
IOS,514371
GJT,513604
AAR,513169
SCW,513062
DAM,512854
SZZ,512025
BZV,511524
DAX,511005
GND,510861
HTI,509267
SKD,506355
KTG,506098
EVV,505697
STX,505223
KSC,504914
HMB,504607
GBE,503893
CRA,503735
YCD,502701
OGZ,499572
EIS,498625
KTA,494494
VBY,492698
PVK,492381
NYU,492156
JMJ,491392
BAX,490926
TLN,490845
AYQ,490429
AAE,489962
TTJ,489345
GPS,488959
GIB,487574
BEJ,487308
IPH,486972
YIC,486326
VAS,486160
STS,485764
OSD,485223
MLB,484231
MKQ,482856
NIM,482094
XAP,480735
DIB,479670
BCM,478759
CRW,477839
GRV,477483
WMX,476807
NAV,476635
TZA,475296
JDH,474595
VDH,474167
SYO,474148
CRZ,471799
AOI,471644
DGO,471438
TCQ,470386
REX,470301
MRY,469444
GYS,466060
NPL,465548
MJT,463178
FAY,462319
NQY,461221
UET,461126
VUP,458486
ZCL,457526
RAR,457010
IJK,456137
YQQ,455815
TAZ,455750
YYA,455626
BPE,454197
ZAZ,453015
PKR,452234
KSH,449208
INI,449142
KTN,448695
YQU,447683
KUA,447068
HTA,446467
BFN,445984
BRQ,445110
BHH,444897
NDG,444609
JUL,444078
NWI,443730
VCS,443682
PPP,443579
VFA,441505
LAE,440575
PGF,440481
ABT,439108
TRI,439045
HMA,438045
STW,436958
PHF,436042
WEF,435400
BPX,434519
LLW,434004
VLN,432361
YFC,431831
KIS,431574
QOW,431262
PNZ,430549
OST,429659
TKU,428504
LLV,428444
FDH,427861
YXY,424985
TLQ,424167
UUD,424106
PHE,423905
IXS,423895
DTB,423708
MQX,423170
BPL,422287
MOL,421653
BME,421451
BMI,419852
EPA,417988
ERC,417612
AXM,417587
JDZ,417409
CFS,415949
IAO,415786
PNR,414653
KCA,414501
LUW,414338
BIK,413994
TJA,413333
REG,412665
WGN,411426
SLY,411045
YKH,409121
KEJ,408876
HLZ,408294
ASM,407613
CFE,406277
FAE,405667
TDD,405056
AGH,404605
DRO,403268
IXD,401878
BIR,401779
MLN,401707
APW,401401
NNT,401126
TBB,400821
BZG,400609
TCG,399557
SCV,398695
DZA,397399
TPS,397260
MGM,396485
CDE,395709
ALF,393305
JUB,393044
KIR,392791
GNS,392231
ROI,390221
SCE,390047
TTT,389387
GEA,389016
GDX,387808
CUE,386912
GAJ,386636
SKB,386614
NZH,386570
MSR,385930
EGO,385573
ISL,385125
RJA,383723
LZN,383292
SCN,383206
FBM,382903
YYG,382493
LRM,382199
NKC,382110
MDQ,381756
MGQ,381450
UGC,380383
EGE,379937
USN,378845
AKX,378077
SMI,377765
SNO,375888
CSY,375703
SFJ,374416
YKA,373925
PXM,373666
LUZ,372759
BON,372079
EYP,371782
MST,371712
DRV,371260
NKT,370408
KOP,370131
RST,369702
CTM,369220
ZNE,366662
GTF,365782
SQD,365656
RBR,365610
TAP,364852
YQG,364816
UIB,363945
BFV,362369
NVA,360743
HJJ,360677
LMM,360344
IDA,359971
ZAH,357634
RTW,356770
CCF,356427
QUO,356221
JIB,356095
QSZ,354306
EDO,351784
JLR,350816
RLK,350293
SIA,350221
AVA,350155
RAB,349578
JSI,349102
REL,349010
USA,348173
JNZ,347909
OAJ,347170
OZC,347077
BMU,346122
MOT,345229
JUH,344877
UKK,343880
RTB,343012
LNK,343010
IQN,342744
LDE,342635
JIQ,342547
JSR,342383
AQI,341834
GDZ,341757
ULV,340853
TVS,340790
KKN,340695
ZAL,340576
SUV,340318
WUT,340197
CEN,339180
BHI,338040
PLQ,337898
BVB,337420
ENI,337394
ZAT,336785
TNJ,336263
LPF,336049
JUZ,334590
IMP,333818
YDF,332906
HMI,332176
BHE,330885
JUJ,330033
CWJ,329191
YUS,329012
NYT,329002
BEN,328615
LBE,328087
IPC,327482
RKT,327196
RMI,326176
AJI,325968
SDV,325795
BJR,325028
BET,322150
PSO,322010
ELM,321986
AZD,320972
SPD,319787
OZH,318720
MAR,318301
CLY,318214
KLX,317893
FNA,317346
LIG,316952
SCU,316382
IVC,316108
CFR,315770
AQG,315517
LNL,315164
RAE,314883
DLH,314674
ATZ,314529
EAS,314211
PEM,313630
JXA,313488
MTJ,313441
CIY,312494
YIA,312309
RKV,310978
RXS,310403
RAS,310332
THL,310305
KVA,310148
YXJ,309826
MQP,309536
FPO,308353
YXL,307454
DIL,307394
VDA,307371
KNU,307186
GRK,307097
AZO,306909
KTT,306157
YSB,305137
HEA,304896
YFB,304694
KGI,304667
BHK,303937
PPB,303527
YRT,303158
NDJ,302279
YXT,301270
TYL,300732
LET,300482
FEN,299981
YSJ,298334
IGT,297693
MZR,296730
KMS,295517
PAC,294474
BWA,294075
OMH,293942
BLV,293864
MAB,293690
ENE,293398
KRW,292646
LCK,292566
MSJ,292352
SVD,292265
PRI,292035
DCY,291535
ROT,290658
QSF,290203
PGU,289964
CME,288648
BJA,287823
CWA,287661
MJZ,286692
EGC,286027
RES,285948
CBO,284726
URA,284085
JAU,282280
SAF,281322
SFT,281321
BOB,281194
ANR,280885
IXU,280029
AEB,279782
VDC,279708
ENU,279277
BLA,278311
ISA,278262
GYU,277418
VIL,277322
ABX,277066
ETZ,276873
AKY,275716
OSR,275636
ACK,275480
ROB,275339
OHD,274234
LNZ,274197
MZL,274105
LOE,274027
EDL,273783
CEE,273202
URY,272939
KGF,272741
OKD,272597
MBS,272538
YZY,271664
ZHY,270871
NLH,270786
PLJ,268355
YTS,268338
AYP,267875
VDO,267776
KEP,267481
BZR,267333
IGD,266948
KSU,266795
NBX,266648
KRN,266213
ETH,265920
KCM,265703
BFL,264290
JAE,264147
MHH,263797
MWZ,263108
JKH,262693
PEG,262649
WNH,262593
RNB,262511
MQL,262249
SIT,261974
PBG,261876
KUV,261661
VDE,261381
JSA,261256
HEK,261017
HAH,260771
COU,260595
YYR,260582
BUQ,260331
MQF,259999
BNI,259619
HGA,259250
VAA,258488
DPL,258152
YEI,257933
LPT,257929
HGU,257610
KIM,256069
KDH,255845
EUN,254166
JIC,254052
BDU,253845
RGL,253834
IAG,252958
SHW,252788
GLT,252474
DNK,252473
RCH,252112
FEG,251802
AEX,250678
BRO,249599
GOQ,249146
NOJ,249107
YFI,248317
HIR,248217
SLU,247621
DDG,247302
NMA,247235
ADF,246653
HLN,246547
VXE,246436
TKN,246274
TOL,245425
KVX,244980
DAV,244737
TBP,244064
TCR,244050
AXD,242755
MYP,242005
FLG,241264
BLB,241088
PQQ,240945
MOF,240868
SDL,240601
TUG,239129
GFK,238513
MLU,238314
RAJ,238180
YZV,237940
ZQZ,237865
APO,234938
AQJ,234501
GDQ,234475
TBU,234427
PAS,234304
RNN,233794
EWN,232669
VXO,231962
SNW,231768
FNI,231749
DBO,229683
YAM,229599
LRH,229583
GSM,228924
LDS,228737
UNN,228635
BSG,228522
NOZ,228292
ERL,228226
GGT,227982
APL,227769
GNB,227451
ERI,227054
WGA,226601
PNA,226318
DGA,226231
BEW,225973
YWK,225311
ITH,225029
LVI,224736
MYT,224624
VLL,224269
MAQ,224067
NYM,223857
FKS,223121
NAW,222099
IVL,221879
TMC,221668
RFD,221479
CMW,220299
HOR,219704
BUZ,219307
LCJ,219180
IIL,219055
MOC,218844
WUZ,218424
ZYR,217814
PSS,217333
DIR,216916
TLM,216601
HVB,215951
HDN,215828
EMD,215292
HHH,215065
SRY,214673
MCM,214608
OHS,214024
NOS,213695
HDS,213661
BJM,213650
HTS,212937
KJI,212809
CXJ,211971
BDP,211907
PVU,211679
AOG,211205
CAC,210227
YQY,209616
CMI,209534
TMW,209355
RJK,208949
HIN,208904
GOM,208573
SGU,208122
SQJ,207831
KUO,207716
PBO,206839
CJM,206607
PWQ,206417
MEC,206396
SCY,206300
WGP,205547
ADU,204625
KLR,204267
LMP,204050
YUM,203685
GAY,202633
LCX,202545
KZO,202293
LSE,202289
LDY,201741
BGG,201719
RKZ,201326
TPQ,201113
TMP,200301
TSJ,200196
TUF,200046
LLB,199973
LRD,199914
PSE,199752
KLU,198834
IXG,198807
JGD,198212
GIS,198083
ADQ,197966
JSJ,197713
CPR,196208
RRG,195847
LSI,195417
SCK,195227
ENA,195182
AOK,194303
YQX,193899
NLA,193843
SHB,193638
YXC,193539
PEZ,193470
FSM,193375
ABA,192971
BHR,192894
YSQ,192349
LAN,190669
PKZ,190442
DHM,189029
HAC,188257
GSV,187967
DMU,187940
GMQ,187760
JRG,187362
MJU,187125
ORH,187095
ROR,187049
KUM,186894
MAG,186014
VVC,185709
HFT,185708
SUN,185462
CLQ,185180
UEO,185018
LSH,184839
GOH,184479
AEY,184169
AXF,184068
LYH,183420
YVP,182639
FKQ,182286
CUK,181331
WKJ,181030
PAG,180909
PLO,180565
CHG,179761
UCB,179535
UYU,179464
GBT,179238
FLZ,178967
AXU,177449
NCU,176929
VAM,176662
YKO,176221
TGM,175962
PZU,175905
TVY,175211
ACV,175024
WAE,173786
CRV,173517
NTQ,171962
PDP,171622
MHK,170290
HUY,170104
XSP,170000
GAN,169981
NNM,168526
LYR,168316
YOL,167960
SHM,167770
DOM,167623
ZLO,166873
HKN,166076
KRP,164721
OCC,164257
AZR,163981
ABI,163796
MZH,163708
IQM,163215
YVO,162483
BRW,162350
TML,161998
HPG,161400
CPE,160571
VIT,159351
BSI,159229
OXB,159155
DEX,158991
CAB,158858
CLL,158837
GRQ,158732
CKS,158386
BLZ,158272
NDC,158087
WVB,157691
THQ,157574
BDB,157553
IBE,156711
LLI,156578
BNX,156396
ELH,156381
JRH,156229
AJL,156185
TMR,155867
ONJ,155698
ISN,155505
YYF,155468
DPO,155213
WTB,154979
HUN,154746
LKA,154686
SHF,154623
TNH,154378
UPN,154327
PZO,154223
RFP,154213
ZOS,153810
OZZ,153790
MKZ,152286
IWJ,152074
UAQ,151696
BGF,151508
MUB,151295
AZS,151043
SPI,150960
OTZ,150582
TWT,150295
KOI,150293
SZY,150052
KBU,149872
PFB,149671
TET,148883
WWK,148844
OPS,148829
LDU,148455
OME,148444
LGG,148226
MRA,147907
YPX,147876
MMJ,147828
LIF,147596
SCC,147572
PUW,147453
TMS,147337
TLK,147274
RGA,146434
IZA,145500
CPC,144882
LBS,144479
MYD,144096
CAP,143324
ARM,143292
RDP,143291
JIJ,143122
LPI,143091
OKE,142433
MME,141625
FRS,141346
GKA,140989
CMF,140794
LUV,140766
MKK,140671
LRR,140400
SBY,140183
CIJ,140079
KVD,140059
TJU,140027
ARK,139959
BSO,139894
GRI,139820
BJW,139668
JJG,138507
VDS,138018
MOV,137697
LXS,136910
SON,136755
CPV,136573
ESU,135812
YKM,135666
NOP,135660
FNJ,135358
NER,135047
SQG,134946
DDD,134900
SJT,134136
TUI,134096
NLT,133922
EAM,133852
GWL,133666
ABU,133652
PZB,133639
LKN,133583
CYZ,133477
HID,133366
FLA,133201
USK,132809
MIU,132773
AUC,132746
LAO,132729
TMJ,132579
BUW,132178
DHI,131501
EJA,131364
BTK,131081
DMS,130911
HXD,130772
JAV,130650
KHE,130586
OGL,130350
ISC,130317
CLV,130315
FRO,130207
KLH,130205
SYY,129742
WYA,129606
POL,129552
EAT,129398
KKX,129196
ABB,129051
SGD,128389
UKA,128167
KKE,127663
TCO,127588
YIE,127268
MTT,127079
LCH,126834
PIX,126733
CKZ,126597
ACT,126341
CDT,125767
LOH,125599
LNV,125571
ARD,125220
MQT,124657
LCE,124584
FDE,124440
HOV,124362
SIF,124198
ROW,124126
CBQ,123832
BTW,123709
GET,123472
POG,122959
CDP,122913
PSM,122759
HOF,122573
GWT,122291
JTC,122092
TWC,122003
RQA,121958
PPN,121718
LWN,121697
WRG,121146
MRE,120527
RAH,120189
ISE,119865
KDO,119797
ZBR,119614
DHN,119529
LTO,119527
HAD,119318
IOA,119308
HME,119096
OHE,118942
SKO,118524
YQL,118157
YGR,118040
KAD,117857
JOE,117856
ACH,117776
SFN,117477
YEV,116992
OLP,116854
NAL,116656
MFK,116555
AKN,116537
BUU,116463
NZL,116403
TYR,116174
NAJ,116115
MQN,115867
MGZ,115866
KQH,115006
BNN,114022
IPN,113906
DLE,113893
GDT,113513
PSG,113213
BSK,112781
PUU,112612
SKZ,112473
BZX,112207
PXO,112154
RLG,112101
MVY,111942
WRE,111720
KLF,111287
YUY,111084
SKX,110887
OGX,110721
RDZ,110716
KAW,110442
CSG,110266
SFA,110194
CYI,110181
UCT,110046
FYN,109667
VST,109420
CND,109373
KVG,109201
PGV,109055
LAW,108770
BVE,108693
MYQ,108538
SVJ,108293
SWQ,108226
ZSE,107611
WJU,107312
OAG,106557
LRT,106471
BEF,106429
GPA,106419
IFO,106309
ZIG,105996
CXH,105920
SZK,105912
JJD,105848
HAQ,105499
YGL,105476
VIG,105294
KAO,105202
DUM,105097
AJN,105041
SKN,104632
PIS,104589
YPA,104432
LEA,104344
PPG,104077
WNP,103768
KNX,103705
RDD,103698
BXB,103589
CGM,103585
BWT,103548
TWF,103345
FYJ,103242
KDM,102988
TIN,102678
LPK,102303
ISK,102125
SHI,101925
GTR,101881
JNX,101282
FMA,101239
RMA,100989
TNE,100643
JBQ,100304
HVN,99139
SOG,98791
SUX,98769
ARU,98689
QRW,98251
RJH,98074
CBH,98018
MGB,97999
CYO,97832
ALW,97709
LEQ,97283
OKL,96838
KSN,96572
HHQ,96521
UKH,96202
ATM,96186
LGQ,96176
SDE,96054
KSF,95918
EYK,95875
DNR,95845
ESM,95720
LAU,95588
YBG,95497
AWA,95463
BHQ,95379
UTT,95360
ILP,95342
NGQ,95316
JLN,95281
TKD,95208
LLF,95009
HUH,94517
CZU,94383
UYL,93563
CUF,93052
IFU,92892
MAJ,92680
KNG,92481
LSP,92341
RCB,92313
BLJ,92298
EGN,92183
XBJ,92045
BOC,92027
KPO,91787
MLO,91728
AJR,91363
YBL,90855
TDX,90739
TJS,90654
KRO,90643
VLD,90518
DOL,90470
YYB,90246
SMA,89965
RIB,89920
LOK,89891
LSW,89697
PES,89620
TLE,89481
LNY,89224
PRH,89095
KGT,89066
DLG,88868
LXG,88741
GUR,88708
PIH,88700
AEG,88590
YXH,88464
KVK,88341
SUJ,88307
SSJ,88234
FLO,87817
BHJ,87697
ILR,87675
BRM,87632
CYB,87557
JIM,87531
COD,87360
LER,87134
WEI,86583
CKB,86561
ETR,86455
MEE,86438
JHM,86248
KET,85854
BRA,85735
YRL,85438
KAJ,85428
PNI,85260
PND,85170
PNL,85167
YWH,84807
AXJ,84712
DIE,84538
PNP,84495
SVB,84395
PNY,83821
UEL,83579
HTT,83426
ABY,83292
PSU,82537
RGK,82378
OER,82308
BQK,81901
BZL,81671
PYJ,81664
NDB,81621
MJM,81474
UVE,81380
VDY,81286
LWS,81244
DYR,81233
YCG,81218
CNQ,81143
RZR,81139
MEB,80591
ERF,80276
ULH,80164
DSE,80038
TMM,79960
KZR,79894
HOM,79873
MZV,79831
ANX,79830
PLX,79794
EGS,79738
SPS,79691
LFR,79689
LYC,79473
BGM,79385
MOZ,79287
GMZ,79024
QRC,78869
SDG,78661
ESL,78439
TXK,78412
NSH,78074
OMR,77696
VAI,77434
EJH,77403
ELU,77355
DIN,77240
DOD,77184
KUU,76765
KDU,76734
GER,76678
VIJ,76560
DBQ,76488
KMV,76356
XCR,76287
TUO,76278
JBB,76229
GKK,76172
SDD,76079
DOU,76029
NTX,76025
YGW,75910
GUC,75872
HUO,75655
MIM,75650
MEH,75648
MII,75435
MJF,75412
BJZ,75353
PMY,75224
YGK,75149
PMF,75062
RNJ,74574
YVQ,74442
CBT,74382
IRJ,74156
YYQ,74145
LPP,74105
GFF,73759
ABS,73590
THS,73053
YKF,72945
TAT,72936
FVM,72814
DEF,72782
NVI,72638
INU,72599
BBK,72596
MBE,72591
UTN,72463
BKB,72370
JKR,72228
GHA,72097
UBA,72082
LUQ,72076
VRC,71990
XWG,71929
DQM,71589
LRV,71097
FLW,71075
OSI,70915
YYD,70820
FTU,70749
GJL,70556
MUN,70533
KHS,70511
PBD,70132
SXK,70115
KSQ,69989
KEM,69966
PDV,69860
CTC,69718
IBA,69682
XYD,69449
YIF,69272
MHC,69225
JPR,69137
NGD,69069
AIT,68877
BJF,68482
OKI,68441
GYA,68304
HJR,68256
CNJ,68170
GOV,68137
KGC,68088
MJV,68075
BUA,67956
JIK,67937
TEQ,67705
ERS,67639
AHU,67484
GMO,67371
TAH,66993
OSW,66913
RGI,66388
YNY,65862
LLJ,65700
YPH,65564
DMB,65147
TEF,64922
YYY,64619
SHC,64584
PED,64488
GMB,64285
DBC,64272
ODO,63987
ODY,63968
ELF,63804
YBR,63777
RVK,63636
ALH,63527
TBT,63492
YHR,63191
YCB,63182
CFK,63120
YTH,63097
GHB,63046
PUZ,63003
LMN,62968
RBQ,62965
JOS,62936
PLN,62746
CWC,62726
BPT,62708
KGP,62565
CFN,62344
TRW,62246
JGA,62084
DUT,61927
BJI,61902
NLK,61878
SWO,61647
ERH,61566
NLD,61526
YZG,61517
URS,61444
RYK,61400
GXH,61371
KQT,61322
AAN,61147
ZVJ,61074
YBX,61067
TIQ,60878
LAH,60857
IXY,60842
HGR,60840
AFL,60809
WJR,60750
RTI,60744
LIW,60569
GCC,60533
CZS,60474
GTE,60182
UIP,60136
KFS,59955
LUG,59949
ABR,59923
OAL,59820
YPR,59804
FKI,59730
CZH,59711
MSU,59681
MOH,59571
KNS,59526
ZDH,59513
DJG,59486
YAK,59434
JYV,59327
SFL,59233
KYZ,59221
PRA,58976
GIL,58875
ZSA,58488
KRF,58313
KID,58265
YHY,58146
SJI,58104
YVC,58093
FUJ,57882
HGN,57497
PRC,57299
DCM,57291
RHI,57207
AXA,57005
KWA,56826
HOB,56821
XDB,56612
HBQ,56589
TIU,56473
KCO,56283
OSY,56216
YPW,56197
KJH,56119
SHO,56111
PTG,56099
YKG,55984
MBI,55885
BZK,55874
WLS,55700
GGG,55425
SIS,55298
HKK,55125
LKL,55049
PMA,54980
TUK,54963
KLV,54638
PUM,54633
SJZ,54629
PXA,54485
BUP,54466
YDA,54457
NOV,54419
ZGS,54120
CIU,53829
TJH,53809
TMH,53764
MHQ,53733
BKG,53533
YMO,53525
LEN,53260
MKM,53258
BTM,53249
CDV,53187
KHD,53154
RSD,53105
EQS,53064
MAM,53043
RNI,53023
OGS,53022
PJM,53020
SIU,53018
SDN,52932
AIP,52801
STD,52794
AFA,52718
YPM,52567
UNG,52448
YGP,52305
UUA,52294
TKK,52289
GCK,52275
SRP,52224
EPR,52211
ROO,52210
PBU,52198
GVR,52107
BFI,52102
HYA,51985
YKU,51835
NEG,51637
RKS,51482
KYD,51354
ZYK,51195
TQP,51162
IEG,51091
YBK,50807
DIK,50678
ART,50526
LYB,50398
EUX,50361
YZT,50273
YKQ,49917
WME,49830
CJF,49794
SZE,49769
CMX,49750
KYP,49674
VNX,49631
BKZ,49492
KSA,49255
JSH,49234
SEU,49201
YSF,49112
CPX,49097
YIK,48935
NGK,48858
ALO,48663
CFB,48614
LWY,48496
ULK,48494
YMX,48446
THN,48406
MEI,48256
ONS,48119
XKH,48113
YUD,48002
BYP,48000
YWB,47938
CDC,47919
DWD,47911
YAT,47835
IMT,47822
WAG,47629
LRE,47583
YFA,47509
SMX,47466
PKE,47346
IXI,47263
BVG,47219
ZKE,47144
KIT,47055
JKG,47021
AGT,46949
NNX,46784
EAU,46728
BHS,46727
VHM,46555
LGI,46533
ASO,46442
JHS,46432
YBC,46384
HVG,46188
HYS,46113
RSA,45899
YCS,45836
PMK,45701
AUX,45693
AKR,45684
DRT,45601
EKO,45491
YXN,45462
AGF,45383
BRD,45340
ORU,45192
GOU,45164
PDA,45113
TTU,45076
YQC,44992
SLN,44937
AUR,44927
PAH,44923
GZO,44867
NYA,44815
ZSJ,44749
UKX,44622
KAZ,44529
YWL,44512
AKV,44154
CVM,44145
XJY,44078
KOK,43801
RRS,43737
YEK,43562
MBT,43505
NAM,43310
VXC,43282
EBJ,43239
IPT,43233
PKV,43055
FGI,42840
RIS,42819
SYJ,42788
OGN,42701
SXV,42679
VAW,42620
CVQ,42556
MRX,42349
HCJ,42347
YHU,42276
NHV,42264
SOJ,42103
UZR,42080
YTL,42045
LDH,41845
YAY,41799
GHS,41743
STC,41634
WOL,41634
YSM,41553
DTU,41352
LKE,41335
XQP,41334
LRS,41310
ZBF,41310
PCR,41207
SWL,41141
NLI,41015
MAS,40992
YGX,40865
MCV,40853
AGX,40795
YFO,40771
YQD,40770
YNA,40745
MPN,40705
AGR,40658
MMH,40654
OND,40578
BKN,40554
CAH,40236
VKG,40208
YUT,40169
EAR,40159
SUG,40093
OTI,40063
GRW,40047
UNK,39886
YZS,39870
KHM,39720
LUA,39664
BFM,39540
DRK,39491
SHL,39480
ESC,39444
BFF,39437
SAB,39316
ZVK,39271
ZUM,39237
RJM,39198
DOB,39171
TLI,39166
MKG,39144
SPY,39126
KLW,39098
OVS,39086
SIG,38965
CYP,38962
FSP,38778
TFF,38735
IPI,38712
AKF,38703
SJK,38679
KUS,38593
TVU,38583
BXH,38523
MJN,38489
AMH,38408
BVH,38382
ILQ,38313
CTL,38307
UOL,38261
ZFD,38105
BHU,37981
VDM,37960
UAK,37873
CRM,37794
AJK,37726
INL,37687
OWB,37591
GEV,37589
SZA,37508
TOE,37479
MNG,37375
HOX,37360
SSB,37331
SPB,37309
VVZ,37259
SMS,37187
FRW,37035
ZWE,37021
VQS,36988
YKL,36959
VOL,36944
KTE,36884
SHR,36854
XKS,36772
MOO,36639
LAR,36521
TSY,36520
GDE,36488
BUT,36456
DEE,36449
MRZ,36435
CMG,36434
PPQ,36434
BOY,36329
SMT,36301
TXF,36224
SHD,36083
ITU,36053
IZT,35972
SVU,35892
PGA,35815
PIR,35804
FMI,35798
RCU,35771
GAL,35714
LLO,35675
PIN,35648
VPY,35612
MUR,35577
RIW,35517
MVB,35507
SLW,35449
ILY,35309
HIB,35193
CNY,35018
TJL,34954
GTS,34911
BEB,34752
NEV,34705
MNA,34569
HMV,34517
NAH,34448
AHJ,34429
PTX,34420
BAY,34343
IFJ,34253
OHH,33982
XSC,33955
TKQ,33951
GNI,33948
IAR,33825
PGH,33691
FRD,33690
MVF,33331
IWA,33250
PHQ,33185
LBF,33178
CYS,33166
EJN,32978
ACZ,32937
RIA,32895
KGA,32874
MUA,32808
VHC,32725
LNO,32687
BCV,32663
JEG,32641
MUH,32614
KND,32374
NRK,32258
JKL,32236
ULO,32190
ZEL,32168
BHV,32082
BQJ,31993
RDB,31716
PET,31656
HGO,31649
CED,31627
VIN,31480
OGD,31449
TEE,31448
RVD,31441
BCU,31348
TGT,31310
ILD,31253
ZNA,31201
SUP,31161
BYO,31152
KME,31117
XCH,31041
TBW,30865
ANI,30755
YQK,30739
TMX,30602
ZRJ,30600
YGT,30534
MVR,30478
IKU,30475
YMT,30404
YXP,30403
SXZ,30396
TUP,30161
MCN,30158
VGZ,30079
JMS,29942
DZN,29906
TIH,29898
YGH,29881
CGI,29867
MVP,29557
AUQ,29545
DAU,29480
YIO,29394
YZP,29383
GWD,29350
FLS,29332
YOJ,29327
PQI,29304
KSD,29131
TBG,29104
YCO,29071
BUX,28975
TMI,28910
GFN,28905
AOE,28866
APN,28831
BKY,28648
OTH,28647
RAQ,28612
ATY,28603
MYW,28577
BBN,28496
ONQ,28401
JTY,28374
JZH,28313
YAG,28228
OLZ,28043
BID,27891
WST,27891
RHT,27860
LZC,27856
SKU,27808
LWB,27760
HZH,27707
YPJ,27697
GGR,27601
INB,27501
DUE,27465
LUH,27445
MEQ,27336
PSJ,27181
TXE,27178
MAU,27175
YTQ,27161
GPI,27061
ZGC,27044
TAY,26961
MYA,26911
BMO,26909
NRE,26899
LWE,26895
JIO,26889
RJB,26888
RTG,26881
ZRI,26878
KSM,26836
YFS,26778
BZZ,26760
YOC,26732
CAW,26704
TBI,26501
PIB,26485
LMU,26471
WPU,26451
NRA,26354
VEL,26152
CCK,26065
SLV,25939
INZ,25921
WHK,25915
PUB,25871
DIU,25806
YHD,25764
MFU,25618
NUS,25520
LUO,25501
FYU,25485
MSZ,25335
ONG,25306
VPE,25182
FAV,25014
WNN,25002
MDK,24955
LKY,24925
ULG,24894
IUE,24891
JYR,24886
BMW,24861
JQA,24813
TOW,24804
YUX,24735
SLI,24667
CHX,24648
ABM,24625
TCP,24624
USQ,24586
LAJ,24576
BJB,24429
LVP,24427
PDS,24378
GLX,24368
OZG,24314
YSK,24139
WBM,24104
RIH,24006
YAX,23925
YZZ,23855
BCO,23803
ASV,23738
KAC,23597
YAZ,23544
OMO,23522
KNQ,23510
NWA,23388
ZWL,23370
DMD,23336
VDZ,23329
RVE,23271
YYH,23226
ESD,23220
PGZ,23196
KWB,23075
SML,23068
VSE,23042
PCN,23028
CAT,22961
VRL,22941
MNC,22887
NYW,22827
LDZ,22782
ZFV,22769
CVU,22675
FAH,22656
JSU,22303
KEU,22295
GEL,22281
ZFN,22271
IKS,22265
LEB,22240
PQM,22223
IRI,22215
KIF,22153
HVD,22147
MWA,22021
FUT,21854
SNE,21845
AGM,21824
CDB,21821
GLN,21801
CMJ,21780
YVB,21720
BNS,21686
YHK,21672
PVC,21662
TNO,21610
RJL,21555
VAV,21549
KTL,21504
YBB,21498
PHW,21447
UNA,21432
XDS,21428
UIN,21414
TRA,21338
MMD,21333
AFZ,21318
BHB,21209
KWM,21179
AUK,21137
JUV,21067
SLD,21017
URJ,21012
FON,20932
SEB,20809
KSL,20739
JSY,20707
MDR,20700
ZEM,20659
XGR,20657
BSC,20637
YQZ,20624
IRG,20590
YAB,20572
LLK,20560
XBE,20547
CGA,20456
PPK,20407
KTB,20399
DND,20380
MOQ,20353
TMU,20350
YNP,20228
YMA,20138
GEM,20103
DVL,20090
SDY,20054
MXV,20037
YHO,19992
SVA,19964
YLL,19954
URG,19919
NTN,19916
HKR,19894
SQN,19886
ZPB,19869
KTJ,19867
OSJ,19833
TCB,19815
OLX,19792
YNC,19777
BKW,19772
TUB,19684
IAM,19676
FUN,19638
OIR,19599
LOO,19577
ZMT,19544
RGS,19517
AUU,19509
GST,19472
CYD,19460
EDR,19395
LQM,19391
PNT,19345
GAM,19323
BPG,19308
YRB,19274
TGR,19251
CEZ,19138
CCL,19093
LFM,19081
WYS,19053
DEC,19040
KCK,19024
NIS,19011
YZR,18988
SEK,18968
GLU,18934
NYK,18923
HNS,18900
YSO,18817
NGE,18781
YMN,18719
TBH,18616
HUE,18611
POI,18517
BIM,18510
CQD,18428
GCH,18423
IHR,18423
RUR,18397
BXR,18373
SNR,18365
YTE,18318
CEC,18313
TRO,18244
SUR,18231
HDF,18181
TTA,18140
KPW,18114
CUM,18080
UMD,18069
EBD,18050
EMK,17996
XNH,17994
LSY,17930
MTM,17868
HPB,17861
VAK,17850
CPD,17841
NGY,17834
KTP,17823
BXG,17820
JST,17799
USR,17794
MJK,17660
KEW,17619
MGW,17594
KSE,17522
KHX,17522
SGY,17476
KHK,17423
ZAJ,17409
URO,17364
NEI,17359
SUY,17347
GMA,17326
SMK,17319
YVZ,17254
BYK,17246
LZS,17234
NYR,17203
PCP,17198
LBL,17188
OMD,17177
BUN,17098
LAK,17089
DPT,17052
WSK,17001
THX,16972
SKH,16923
QJZ,16893
EAP,16880
KWN,16812
MSA,16803
YTM,16775
YDP,16771
BWK,16742
ALS,16672
RET,16572
YWJ,16552
HNH,16453
KUK,16428
KSJ,16394
BYC,16266
USJ,16266
RUD,16263
YNL,16237
YAP,16218
YPL,16212
BDD,16198
ATT,16173
YRG,16162
MZO,16147
ASS,16102
KUG,16057
ELC,15866
MCE,15818
LMO,15817
CTN,15811
CHT,15791
ULX,15790
TCA,15789
INH,15782
TNK,15775
VRY,15766
KIE,15764
YNO,15739
JCN,15736
IXT,15724
NME,15700
ITB,15696
MNI,15648
DUJ,15629
VKT,15538
TEX,15529
SPP,15445
YYE,15445
SXP,15435
DGE,15373
HAA,15363
JCK,15359
OLG,15352
TEZ,15312
BNC,15298
KOT,15251
ANA,15220
MWK,15213
KZI,15208
KSO,15185
ZLT,15078
RCM,15072
MFA,15049
HGD,15018
MCW,14989
KPN,14976
WSN,14956
RKD,14867
OUZ,14805
TDK,14742
KMU,14691
BRR,14601
EUQ,14549
BRL,14508
SJE,14488
OLA,14485
ZIS,14459
QBC,14405
LPX,14388
PDT,14365
PTO,14293
LPY,14250
ARW,14249
MQQ,14211
KRC,14149
GAS,14137
MMO,14104
VCT,14103
WTL,14081
TMF,14034
YVM,14015
UII,13902
FYT,13892
KZS,13882
WBB,13838
ROP,13777
BSA,13700
VBA,13673
LUP,13648
FOD,13631
MAZ,13618
OOK,13606
SYS,13598
IPL,13582
CBG,13570
NOB,13570
BQC,13535
YDQ,13509
BRN,13458
ZKG,13406
AUG,13399
TOB,13348
LNU,13348
ORG,13332
BGN,13267
LNS,13245
WIC,13241
ELG,13216
IAA,13161
SCM,13145
NRR,13142
GLH,12994
ZTB,12969
RHD,12944
KOV,12919
SDP,12918
SNX,12877
OJU,12854
TMT,12850
PRM,12810
ZKP,12809
BGC,12806
KSR,12793
RUT,12766
MSL,12765
NGL,12759
VRB,12724
MKC,12722
MRQ,12711
BBL,12697
MIS,12694
NAA,12678
XOC,12678
MJC,12666
WPR,12664
XRF,12620
YON,12611
KEO,12605
RGT,12596
ECI,12584
SVP,12554
DHG,12553
MQJ,12330
GAO,12277
IXP,12274
KVR,12264
TCX,12250
TRE,12249
WMN,12249
PAZ,12232
YJT,12194
WFB,12173
PBR,12093
CYF,12071
TUV,12021
CYX,11940
PKB,11899
OOM,11889
AHE,11843
XMH,11829
ICO,11811
SIQ,11743
KTR,11718
VLY,11694
PBL,11691
ONK,11638
MOG,11636
ARX,11503
IRP,11494
LIO,11488
OCJ,11442
SVC,11436
BLD,11433
TBN,11389
XWA,11370
IRK,11367
ORZ,11359
RBH,11312
CXI,11297
CAX,11253
DDC,11245
WSZ,11230
NUL,11186
VAL,11166
YCY,11151
YHI,11123
BIN,11103
CTD,11069
BCA,11066
GOB,11052
ABL,11038
SLK,11026
PAV,11021
ILI,10994
DEA,10993
CVN,10986
TBO,10954
LEC,10947
VAG,10919
BVI,10891
HRO,10888
OKR,10872
THU,10870
YER,10868
AXR,10850
BST,10840
CUQ,10797
CJL,10794
CNM,10782
LVO,10752
YNS,10744
KTD,10671
SYQ,10620
LUK,10601
FEC,10591
HSL,10589
ELI,10399
TVF,10388
IKI,10381
GHT,10377
AKS,10364
KWT,10360
PIO,10355
BUC,10302
CMA,10291
KVL,10286
MPA,10279
THG,10270
MSS,10240
PHO,10212
DLZ,10205
WIN,10191
SGO,10190
WNR,10175
EGM,10159
CKH,10127
RBY,10094
AOO,10080
SHG,10065
CCN,10058
RJN,10055
WSP,10037
BEU,10028
KHY,10009
BWB,9993
AJY,9984
BDH,9975
IGA,9963
JAA,9932
HDM,9923
UAP,9916
RVV,9915
BQL,9909
HOT,9877
KKH,9874
ULP,9866
BFX,9849
PBZ,9838
SKK,9826
EWB,9815
TKX,9761
XMY,9760
IRA,9741
BKC,9721
WWT,9662
FBD,9653
HLE,9653
JBR,9632
ORV,9597
YND,9589
GTZ,9567
EEK,9563
CBL,9559
VEE,9468
DWO,9452
BFD,9440
ZGN,9433
BPC,9421
UAS,9379
YPY,9354
KKI,9325
MYI,9315
PJG,9296
YRA,9283
MGT,9280
UKG,9225
ZTI,9186
NLF,9116
TFI,9036
YWP,9035
JFR,9034
YFH,9002
MKR,8988
HPA,8978
WUN,8965
PWE,8936
IWD,8904
MWQ,8898
CDR,8854
IAN,8851
YHP,8849
MKL,8784
TII,8766
ELD,8761
SOW,8736
YCL,8699
WTK,8696
JOK,8679
GLV,8649
KDV,8644
NBN,8579
CAQ,8577
AEH,8566
VBS,8538
YES,8538
KLG,8530
SQL,8529
KAE,8501
RMT,8492
GGW,8445
WAA,8418
KQA,8404
WMO,8400
TLT,8395
YFJ,8367
NUP,8319
VBP,8281
AKI,8260
VPG,8242
GIC,8201
WLK,8180
GCN,8175
MGH,8160
ZND,8149
SBR,8132
CNC,8129
GZG,8102
XQU,8094
SYU,8054
RZH,8034
KTS,8010
OBU,8004
PYH,8003
KKA,7993
HHR,7958
PUG,7946
CAL,7890
SUK,7890
LNE,7884
ADE,7867
TAL,7856
SVI,7853
PMZ,7835
JWN,7822
YLE,7790
NDU,7759
PZL,7757
OLF,7753
PQS,7657
JEK,7589
ZIX,7581
LSA,7575
PHB,7563
AIN,7557
OMM,7548
LUD,7542
XZI,7529
SNP,7526
YPO,7506
VAO,7494
TEB,7475
PFQ,7456
BTT,7417
MMZ,7411
SZI,7376
MOU,7372
NAQ,7362
MAK,7352
AKP,7310
MYU,7284
OSO,7282
MNU,7256
NDE,7250
MMG,7227
SJL,7224
BKL,7195
PTJ,7146
BJS,7090
HTG,7077
GLF,7069
THO,7060
VPN,7058
EUA,7055
JAR,7037
YSG,7027
RSS,6929
KWK,6916
HVR,6912
YGV,6910
PLC,6865
CIK,6862
KDZ,6857
SLX,6774
GLK,6757
AXP,6744
MVT,6722
MUE,6710
KYU,6687
KNW,6677
YPN,6677
CHY,6644
UAR,6636
BQG,6616
ARC,6576
TWA,6523
ULZ,6489
AIA,6469
IVR,6453
GMR,6442
LTI,6438
HRI,6435
ZVH,6399
NEU,6380
XTO,6366
RNL,6360
ABK,6290
FBS,6290
SHH,6274
ADK,6257
AGN,6203
ETL,6146
AET,6144
YLH,6141
OTR,6132
ACI,6130
TGP,6112
SLH,6110
DRG,6072
ERG,6068
ORB,5998
YAA,5980
HOI,5975
HCR,5955
NUI,5935
HOE,5930
FAU,5926
NCJ,5919
ATK,5908
BEM,5901
BTI,5875
GRY,5870
TME,5841
ZSB,5796
BCI,5784
KAL,5750
RTA,5747
WUU,5719
XTG,5707
CHR,5656
MWF,5654
UAH,5640
CCV,5581
TGC,5552
CCR,5528
HFA,5526
GDV,5525
KXK,5497
WMB,5479
ZFQ,5435
GIU,5433
CNP,5431
SFS,5367
EKS,5350
KLN,5329
HUU,5326
HYL,5317
NUM,5304
COQ,5292
TKE,5230
CRI,5225
RCQ,5216
SCZ,5214
YLC,5185
AAX,5183
IGG,5154
CYU,5120
CLP,5093
MLL,5090
GBB,5066
MFQ,5066
RSH,5061
TOG,5036
DQU,5033
TRR,5009
MCK,5008
KRB,5004
UGB,4995
ERN,4963
MCG,4949
YBE,4947
YSY,4924
JJM,4904
PIP,4862
CFG,4853
RZG,4827
FRE,4802
SHX,4787
ACD,4772
PDK,4740
YPC,4725
KCL,4708
HKB,4689
IPA,4664
INF,4651
SIC,4643
ANV,4640
RUA,4601
PPW,4587
LGL,4569
DKS,4486
HNM,4481
FKL,4472
KGX,4468
SSR,4467
EGX,4463
FIZ,4440
TKJ,4436
UBB,4433
TQQ,4426
LON,4360
MYG,4356
UIT,4322
PIZ,4312
ODN,4309
KCQ,4302
PCQ,4265
MPC,4256
OBN,4254
BKM,4222
FOG,4222
TQR,4222
OLH,4205
ZFJ,4180
SOM,4174
SFD,4172
SLM,4167
TLU,4153
DJN,4152
RBV,4149
BTC,4108
KPV,4107
XPJ,4101
AEU,4086
BQU,4080
TTQ,4080
RIV,4070
OTD,4068
ODE,4055
GAE,4044
PUE,4043
PEC,4032
MTV,4029
DBA,4001
EMR,3970
FTI,3956
HUS,3941
KCG,3930
PVA,3916
AVN,3905
ENF,3905
AUY,3861
UDJ,3843
TLA,3838
SRH,3801
KGE,3759
BNY,3710
ZIY,3709
OBY,3706
KCT,3704
ZGU,3692
RUS,3686
KEH,3664
BMG,3633
KUD,3626
TLY,3625
PGM,3623
MXH,3611
GUO,3610
PEU,3601
VHV,3583
KKR,3559
NRL,3554
CAF,3550
KBC,3496
BAZ,3486
VYI,3482
YPB,3460
MXX,3447
POR,3434
CUA,3428
XYI,3423
EBG,3418
GYG,3411
SOY,3396
QRH,3381
NDY,3370
WRY,3335
LBP,3335
PTH,3314
RNM,3311
LWK,3304
MHG,3298
PTK,3289
XOP,3287
DDV,3270
BER,3261
LJA,3247
LMC,3229
TGX,3229
GUB,3188
KBH,3171
HDK,3152
GCW,3148
CCA,3146
WJA,3136
KEB,3134
CEM,3127
YGZ,3110
TFY,3089
ENT,3077
KIO,3074
NDK,3074
CIZ,3071
TNC,3070
FYG,3062
SOV,3041
AIC,3036
UTS,3032
LKH,3013
MGU,3008
WBQ,3004
BKQ,3002
SOB,2990
TDG,2965
RNT,2959
KMO,2944
MNS,2936
ACU,2918
TKP,2917
NLG,2916
SRV,2909
FOE,2850
JIA,2784
JBD,2775
ELV,2723
DLR,2719
COL,2718
RDV,2690
CLD,2681
VLS,2669
EAE,2658
TGH,2657
PML,2599
GYM,2587
SPX,2582
LNB,2578
PYC,2573
SWV,2568
KVC,2554
MNT,2541
JEJ,2494
HCQ,2492
MJB,2492
MJE,2492
AWD,2489
FTA,2486
XZN,2460
KDA,2459
KKL,2448
SAO,2438
LIX,2421
WNA,2419
ULB,2415
WLE,2413
PBJ,2404
PEX,2399
NIU,2398
TOH,2392
ORI,2366
DLY,2360
CHU,2307
KHQ,2295
SAH,2293
NSQ,2284
TIZ,2278
PRS,2274
KSZ,2227
NUF,2220
HBP,2218
FIE,2216
GAF,2211
SLQ,2207
KOZ,2200
ASI,2188
TSL,2188
PKA,2169
GME,2164
MKP,2162
SWJ,2162
KIY,2157
NCR,2155
YIP,2149
ZDJ,2130
DBB,2128
PYG,2119
BAS,2117
LPM,2097
XSH,2094
SIR,2081
ORT,2076
ADH,2071
ATD,2071
WNI,2059
OAI,2045
ATR,2044
MLY,2041
OFU,2040
MHM,2034
RMP,2031
TGQ,2028
NNB,1998
KLL,1992
ZZU,1972
XJN,1968
AOS,1962
RNA,1960
YQA,1959
PKO,1952
KZB,1948
SVS,1938
DOP,1900
RVT,1880
JQE,1859
HYG,1852
CBI,1840
ZVE,1835
KPR,1811
AAD,1809
KPY,1807
EDA,1804
BLW,1803
KCC,1791
CZN,1777
KKB,1777
GCT,1770
TGI,1769
QXG,1768
GNU,1743
MIL,1732
CSA,1721
SYB,1718
KWP,1706
IMK,1704
PTU,1699
UMS,1683
SAJ,1679
ANE,1670
CFO,1668
SVL,1656
TKF,1656
CKD,1656
KOY,1656
KWF,1655
AKK,1640
ALZ,1633
CSK,1626
DIW,1623
LLM,1616
ZYA,1609
NQT,1602
SVR,1602
IRC,1597
LKB,1587
SRK,1587
SXO,1586
AEM,1584
VBV,1576
APK,1574
ICI,1574
KXF,1571
TQA,1569
EDN,1565
PPV,1548
BFQ,1544
KPB,1541
UGI,1541
CAZ,1536
NNL,1534
PTA,1534
IUI,1515
SGG,1512
WZA,1511
KUZ,1509
CHI,1498
UPK,1487
QNQ,1484
NIR,1483
WAS,1475
PDB,1468
FTW,1466
KGK,1464
VUS,1449
LBR,1447
WOT,1422
TIB,1420
BQT,1407
DSI,1389
KGQ,1365
LMA,1362
ZYT,1361
MMU,1357
SAE,1346
KFI,1342
LOD,1338
IKE,1323
WWP,1323
PAF,1316
KMY,1303
NKI,1298
JUK,1295
XJU,1293
LQP,1281
HIG,1278
LUU,1276
CKX,1273
LIK,1273
YGB,1272
NIQ,1265
WTO,1249
EBO,1247
EJT,1247
MIJ,1246
UJE,1246
UTK,1246
AIM,1246
LML,1246
WTE,1244
YTO,1215
RIO,1194
SVN,1184
AGC,1172
STG,1149
NYC,1129
AAA,1127
LAF,1112
KNK,1109
QAR,1107
WLH,1105
FOA,1088
VIF,1088
LEH,1074
TRM,1074
HFD,1067
BVJ,1066
XIK,1063
BLE,1039
FSA,1026
EXI,1010
MPP,975
SLJ,962
WHD,948
SRN,947
LUR,938
INA,927
CHH,910
HHS,907
QXB,905
PPL,901
YAC,869
OGM,864
ZUI,863
AIR,838
KDY,838
EML,835
RKA,833
IOQ,831
KFP,823
ERR,822
XHK,819
ROM,815
KEK,812
KLB,809
AOQ,796
PZH,791
TQI,785
FYV,778
CEG,774
HZD,771
YNG,764
HEC,751
BUE,710
OWD,700
JBU,698
SYG,696
FAC,673
LJR,657
NPY,646
YJV,646
KHT,642
ABG,640
DFP,640
DNB,640
GBP,640
IKP,640
WPK,640
BVW,638
CFW,638
DXD,638
LFP,638
MBL,623
LZB,620
EOI,606
BAT,600
FRC,599
ZLN,598
TYO,594
ZYZ,580
MEN,578
AFW,576
PAR,567
KDW,563
XIZ,561
BMB,559
ZWI,553
NBW,544
SKF,544
BPR,542
ZYN,538
IWO,532
LBG,532
YUG,525
AKB,515
UIG,515
EBH,509
XQA,509
TID,507
ZBL,500
ZMS,492
DPB,482
JAF,475
TCL,460
IKO,459
YJM,454
DTZ,433
CRC,432
ZIU,430
MJD,429
PNG,424
SSN,423
BZY,416
MES,415
OSA,415
THJ,414
FVS,410
YFT,407
YQH,400
DDB,398
IBT,397
ZMU,397
KAA,393
BYN,390
QFB,384
EXS,378
YMQ,373
EAA,369
MOW,368
MYF,365
MTS,363
LZD,362
DCF,358
ILS,358
LLD,357
TAR,356
SEL,355
HIS,353
GBX,349
YJE,348
BGX,345
STO,344
YJB,333
JUM,326
QYH,319
TEU,318
MDU,317
HNZ,316
MBX,310
NTY,306
TEC,294
OXQ,287
NSZ,281
KOM,279
RIG,279
BIF,270
VTI,269
WAM,256
XVQ,255
DTT,250
CBW,245
QYE,245
TBJ,240
SRA,239
AYX,232
CKW,228
KJR,225
XWC,218
MNY,215
BWE,214
DHU,214
PXG,202
VCV,199
AUB,199
QDL,198
QTR,197
XJR,195
KFE,191
XZM,191
NTT,186
GGB,185
PVI,185
APX,184
NHG,181
EMU,180
IRD,179
KJK,178
CKO,178
NHA,177
NKJ,177
ZDY,174
IOB,172
LWG,172
XJJ,172
FDD,168
DGM,165
ZGB,161
QYP,159
TLJ,157
IZM,151
XZZ,149
ZYH,149
ZTF,147
ALY,146
TYD,146
LYN,142
CAS,140
BED,139
TCT,139
XXQ,139
KZZ,137
AGB,134
TPB,134
LHA,132
MBZ,132
QUL,130
VBL,129
SOZ,128
XYG,127
GGH,126
ORL,125
SWS,122
TPY,122
BVS,121
LZX,121
BUL,120
ILE,118
XXZ,117
BSX,116
NFO,114
GGF,107
PTQ,106
QQP,97
MEU,95
POW,95
TCI,95
EEP,93
BSH,90
SVK,89
XIX,89
LUC,88
XZV,88
CYC,87
EJJ,86
WGE,84
ANK,82
QRZ,82
EVG,76
NIB,76
GIA,75
PFE,75
XOJ,75
HZK,74
HFN,74
KLJ,73
YJW,71
DHS,69
EZV,65
HFS,65
QVX,65
KVB,64
QQU,64
SBG,61
BBE,61
FMV,61
KMK,58
FIR,56
QDU,51
BRK,50
INP,50
DEM,49
UST,48
YEA,48
TTZ,45
XRJ,44
LQQ,43
WZE,40
XYW,40
ZNG,40
SNC,39
YQF,39
BUH,39
XUT,38
JKT,36
AAB,35
LHG,34
GKW,34
XIV,34
MLW,33
XVY,33
QEW,32
APC,30
XTI,30
QLQ,29
TYF,28
SGX,27
BHZ,27
BAU,26
QKL,26
FMY,25
PLH,25
XEC,24
IRT,23
QQS,22
REK,22
VSN,21
YJG,21
SAC,19
ANS,18
APF,18
IRM,18
PRT,18
ZDN,18
LEV,17
CDZ,17
JQJ,17
ATA,16
PZE,16
EEU,15
LQS,15
XJO,15
YBZ,15
YJI,15
CLB,14
TXB,14
JIU,13
RRR,13
REA,12
BNH,12
NYS,12
XDQ,12
SOO,11
RBS,11
XAX,11
QPA,10
AZN,10
EBV,10
XJV,10
BQD,9
EWV,9
ITT,9
OPF,8
PRY,8
BXN,7
GLO,6
LSZ,6
AMR,6
HEV,6
PCI,6
XQE,6
ZLP,6
ZRB,6
LTT,5
BAK,5
VYN,5
BBX,4
ENV,4
KHZ,4
MOD,4
MTP,4
QSR,4
SBD,4
SRZ,4
VNY,4
HTO,4
JJJ,4
MVN,4
OVI,4
QPT,4
QQK,4
VBR,4
ZAQ,4
BZO,3
FMN,3
ILG,3
KMC,3
PJA,3
AUW,3
IBD,3
IMR,3
QHX,3
SPK,3
XRE,3
AGE,2
CWI,2
ENW,2
HII,2
JOT,2
LEE,2
LOU,2
LVK,2
MTH,2
OCF,2
OXR,2
PMD,2
POU,2
SBS,2
TVL,2
HAR,2
ODB,2
KWQ,2
POQ,2
QGN,2
RUJ,2
UES,2
YMY,2
ZWS,2
ZXE,2
ZGG,2
LKI,2
NUB,2
VNZ,2
VIO,2
KGV,2
AZM,2
CEF,1
DXR,1
GVL,1
HSH,1
MBD,1
OLS,1
PWA,1
QEF,1
SDX,1
SFQ,1
TOJ,1
OKK,1
WVI,1
PHG,1
SEJ,1
WCD,1
XGZ,1
XHQ,1
XNE,1
ZMB,1
QYU,1
QKU,1
ZFC,1
XJI,1
RLD,1
QPP,1
XED,1
MUV,1
BZQ,1
